state_code,date,unemployment_rate
AL,2015-01-01,6.2
AL,2015-02-01,6.1
AL,2015-03-01,6.1
AL,2015-04-01,6.1
AL,2015-05-01,6.1
AL,2015-06-01,6.1
AL,2015-07-01,6.1
AL,2015-08-01,6.1
AL,2015-09-01,6.1
AL,2015-10-01,6.0
AL,2015-11-01,6.0
AL,2015-12-01,6.0
AL,2016-01-01,5.9
AL,2016-02-01,5.9
AL,2016-03-01,5.9
AL,2016-04-01,5.8
AL,2016-05-01,5.8
AL,2016-06-01,5.8
AL,2016-07-01,5.8
AL,2016-08-01,5.8
AL,2016-09-01,5.8
AL,2016-10-01,5.8
AL,2016-11-01,5.7
AL,2016-12-01,5.6
AL,2017-01-01,5.4
AL,2017-02-01,5.2
AL,2017-03-01,5.0
AL,2017-04-01,4.8
AL,2017-05-01,4.6
AL,2017-06-01,4.5
AL,2017-07-01,4.3
AL,2017-08-01,4.2
AL,2017-09-01,4.1
AL,2017-10-01,4.0
AL,2017-11-01,4.0
AL,2017-12-01,4.0
AL,2018-01-01,4.0
AL,2018-02-01,4.0
AL,2018-03-01,4.0
AL,2018-04-01,4.0
AL,2018-05-01,4.0
AL,2018-06-01,4.0
AL,2018-07-01,3.9
AL,2018-08-01,3.9
AL,2018-09-01,3.9
AL,2018-10-01,3.8
AL,2018-11-01,3.8
AL,2018-12-01,3.8
AL,2019-01-01,3.7
AL,2019-02-01,3.6
AL,2019-03-01,3.4
AL,2019-04-01,3.3
AL,2019-05-01,3.2
AL,2019-06-01,3.0
AL,2019-07-01,3.0
AL,2019-08-01,3.0
AL,2019-09-01,3.0
AL,2019-10-01,3.0
AL,2019-11-01,3.0
AL,2019-12-01,3.1
AL,2020-01-01,3.2
AL,2020-02-01,3.3
AL,2020-03-01,3.4
AL,2020-04-01,13.8
AL,2020-05-01,10.4
AL,2020-06-01,8.6
AL,2020-07-01,7.5
AL,2020-08-01,6.3
AL,2020-09-01,5.9
AL,2020-10-01,5.2
AL,2020-11-01,4.8
AL,2020-12-01,4.5
AL,2021-01-01,4.2
AL,2021-02-01,3.9
AL,2021-03-01,3.8
AL,2021-04-01,3.7
AL,2021-05-01,3.6
AL,2021-06-01,3.5
AL,2021-07-01,3.4
AL,2021-08-01,3.2
AL,2021-09-01,3.0
AL,2021-10-01,2.9
AL,2021-11-01,2.8
AL,2021-12-01,2.7
AL,2022-01-01,2.6
AL,2022-02-01,2.6
AL,2022-03-01,2.6
AL,2022-04-01,2.6
AL,2022-05-01,2.6
AL,2022-06-01,2.6
AL,2022-07-01,2.6
AL,2022-08-01,2.6
AL,2022-09-01,2.5
AL,2022-10-01,2.5
AL,2022-11-01,2.4
AL,2022-12-01,2.3
AL,2023-01-01,2.3
AL,2023-02-01,2.3
AL,2023-03-01,2.3
AL,2023-04-01,2.3
AL,2023-05-01,2.3
AL,2023-06-01,2.4
AL,2023-07-01,2.4
AL,2023-08-01,2.5
AL,2023-09-01,2.6
AL,2023-10-01,2.7
AL,2023-11-01,2.8
AL,2023-12-01,2.8
AL,2024-01-01,2.9
AL,2024-02-01,2.9
AL,2024-03-01,2.9
AL,2024-04-01,2.9
AL,2024-05-01,2.9
AL,2024-06-01,2.9
AL,2024-07-01,3.0
AL,2024-08-01,3.0
AL,2024-09-01,3.1
AL,2024-10-01,3.1
AL,2024-11-01,3.1
AL,2024-12-01,3.1
AL,2025-01-01,3.1
AL,2025-02-01,3.0
AL,2025-03-01,3.0
AL,2025-04-01,2.9
AL,2025-05-01,2.9
AL,2025-06-01,2.9
AL,2025-07-01,2.8
AL,2025-08-01,2.8
AL,2025-09-01,2.8
AL,2025-10-01,
AL,2025-11-01,2.7
AL,2025-12-01,2.7
AL,2026-01-01,2.7
AL,2026-02-01,2.7
AL,2026-03-01,2.7
AL,2026-04-01,2.8
AL,2026-05-01,3.0
AL,2026-06-01,3.2
AK,2015-01-01,6.3
AK,2015-02-01,6.3
AK,2015-03-01,6.3
AK,2015-04-01,6.3
AK,2015-05-01,6.3
AK,2015-06-01,6.2
AK,2015-07-01,6.2
AK,2015-08-01,6.2
AK,2015-09-01,6.3
AK,2015-10-01,6.3
AK,2015-11-01,6.3
AK,2015-12-01,6.4
AK,2016-01-01,6.4
AK,2016-02-01,6.5
AK,2016-03-01,6.5
AK,2016-04-01,6.6
AK,2016-05-01,6.6
AK,2016-06-01,6.7
AK,2016-07-01,6.7
AK,2016-08-01,6.7
AK,2016-09-01,6.7
AK,2016-10-01,6.7
AK,2016-11-01,6.7
AK,2016-12-01,6.7
AK,2017-01-01,6.7
AK,2017-02-01,6.6
AK,2017-03-01,6.6
AK,2017-04-01,6.6
AK,2017-05-01,6.6
AK,2017-06-01,6.6
AK,2017-07-01,6.6
AK,2017-08-01,6.6
AK,2017-09-01,6.6
AK,2017-10-01,6.6
AK,2017-11-01,6.6
AK,2017-12-01,6.6
AK,2018-01-01,6.5
AK,2018-02-01,6.4
AK,2018-03-01,6.3
AK,2018-04-01,6.1
AK,2018-05-01,6.0
AK,2018-06-01,6.0
AK,2018-07-01,5.9
AK,2018-08-01,5.9
AK,2018-09-01,5.9
AK,2018-10-01,6.0
AK,2018-11-01,6.0
AK,2018-12-01,6.1
AK,2019-01-01,6.0
AK,2019-02-01,5.9
AK,2019-03-01,5.8
AK,2019-04-01,5.7
AK,2019-05-01,5.6
AK,2019-06-01,5.6
AK,2019-07-01,5.6
AK,2019-08-01,5.6
AK,2019-09-01,5.5
AK,2019-10-01,5.4
AK,2019-11-01,5.3
AK,2019-12-01,5.2
AK,2020-01-01,5.3
AK,2020-02-01,5.4
AK,2020-03-01,5.4
AK,2020-04-01,11.6
AK,2020-05-01,11.7
AK,2020-06-01,11.2
AK,2020-07-01,11.1
AK,2020-08-01,8.6
AK,2020-09-01,7.8
AK,2020-10-01,7.2
AK,2020-11-01,7.0
AK,2020-12-01,7.1
AK,2021-01-01,6.9
AK,2021-02-01,6.9
AK,2021-03-01,7.0
AK,2021-04-01,7.0
AK,2021-05-01,6.8
AK,2021-06-01,6.8
AK,2021-07-01,6.5
AK,2021-08-01,6.3
AK,2021-09-01,6.0
AK,2021-10-01,5.8
AK,2021-11-01,5.5
AK,2021-12-01,5.4
AK,2022-01-01,5.3
AK,2022-02-01,5.0
AK,2022-03-01,4.7
AK,2022-04-01,4.5
AK,2022-05-01,4.4
AK,2022-06-01,4.2
AK,2022-07-01,4.1
AK,2022-08-01,3.9
AK,2022-09-01,4.0
AK,2022-10-01,4.1
AK,2022-11-01,4.1
AK,2022-12-01,4.1
AK,2023-01-01,4.1
AK,2023-02-01,4.1
AK,2023-03-01,4.1
AK,2023-04-01,4.1
AK,2023-05-01,4.1
AK,2023-06-01,4.2
AK,2023-07-01,4.2
AK,2023-08-01,4.3
AK,2023-09-01,4.4
AK,2023-10-01,4.4
AK,2023-11-01,4.5
AK,2023-12-01,4.5
AK,2024-01-01,4.5
AK,2024-02-01,4.5
AK,2024-03-01,4.5
AK,2024-04-01,4.5
AK,2024-05-01,4.5
AK,2024-06-01,4.5
AK,2024-07-01,4.6
AK,2024-08-01,4.6
AK,2024-09-01,4.6
AK,2024-10-01,4.6
AK,2024-11-01,4.6
AK,2024-12-01,4.5
AK,2025-01-01,4.5
AK,2025-02-01,4.6
AK,2025-03-01,4.6
AK,2025-04-01,4.6
AK,2025-05-01,4.6
AK,2025-06-01,4.6
AK,2025-07-01,4.6
AK,2025-08-01,4.6
AK,2025-09-01,4.7
AK,2025-10-01,
AK,2025-11-01,4.8
AK,2025-12-01,4.8
AK,2026-01-01,4.8
AK,2026-02-01,4.7
AK,2026-03-01,4.7
AK,2026-04-01,4.6
AK,2026-05-01,4.6
AK,2026-06-01,4.4
AZ,2015-01-01,6.4
AZ,2015-02-01,6.3
AZ,2015-03-01,6.3
AZ,2015-04-01,6.2
AZ,2015-05-01,6.2
AZ,2015-06-01,6.1
AZ,2015-07-01,6.1
AZ,2015-08-01,6.1
AZ,2015-09-01,6.0
AZ,2015-10-01,5.9
AZ,2015-11-01,5.9
AZ,2015-12-01,5.8
AZ,2016-01-01,5.7
AZ,2016-02-01,5.7
AZ,2016-03-01,5.6
AZ,2016-04-01,5.6
AZ,2016-05-01,5.6
AZ,2016-06-01,5.5
AZ,2016-07-01,5.5
AZ,2016-08-01,5.4
AZ,2016-09-01,5.4
AZ,2016-10-01,5.4
AZ,2016-11-01,5.3
AZ,2016-12-01,5.3
AZ,2017-01-01,5.2
AZ,2017-02-01,5.2
AZ,2017-03-01,5.1
AZ,2017-04-01,5.0
AZ,2017-05-01,5.0
AZ,2017-06-01,4.9
AZ,2017-07-01,4.9
AZ,2017-08-01,4.8
AZ,2017-09-01,4.8
AZ,2017-10-01,4.8
AZ,2017-11-01,4.9
AZ,2017-12-01,4.9
AZ,2018-01-01,4.9
AZ,2018-02-01,4.8
AZ,2018-03-01,4.8
AZ,2018-04-01,4.7
AZ,2018-05-01,4.7
AZ,2018-06-01,4.7
AZ,2018-07-01,4.7
AZ,2018-08-01,4.7
AZ,2018-09-01,4.8
AZ,2018-10-01,4.9
AZ,2018-11-01,5.0
AZ,2018-12-01,5.0
AZ,2019-01-01,5.0
AZ,2019-02-01,5.0
AZ,2019-03-01,4.9
AZ,2019-04-01,4.9
AZ,2019-05-01,4.8
AZ,2019-06-01,4.8
AZ,2019-07-01,4.8
AZ,2019-08-01,4.8
AZ,2019-09-01,4.7
AZ,2019-10-01,4.7
AZ,2019-11-01,4.7
AZ,2019-12-01,4.7
AZ,2020-01-01,4.8
AZ,2020-02-01,4.8
AZ,2020-03-01,4.9
AZ,2020-04-01,13.8
AZ,2020-05-01,11.2
AZ,2020-06-01,9.8
AZ,2020-07-01,9.0
AZ,2020-08-01,7.9
AZ,2020-09-01,7.5
AZ,2020-10-01,7.0
AZ,2020-11-01,6.7
AZ,2020-12-01,6.5
AZ,2021-01-01,6.3
AZ,2021-02-01,6.2
AZ,2021-03-01,6.0
AZ,2021-04-01,5.8
AZ,2021-05-01,5.6
AZ,2021-06-01,5.3
AZ,2021-07-01,4.9
AZ,2021-08-01,4.6
AZ,2021-09-01,4.2
AZ,2021-10-01,4.0
AZ,2021-11-01,3.8
AZ,2021-12-01,3.7
AZ,2022-01-01,3.6
AZ,2022-02-01,3.6
AZ,2022-03-01,3.7
AZ,2022-04-01,3.7
AZ,2022-05-01,3.7
AZ,2022-06-01,3.7
AZ,2022-07-01,3.8
AZ,2022-08-01,3.8
AZ,2022-09-01,3.8
AZ,2022-10-01,3.8
AZ,2022-11-01,3.8
AZ,2022-12-01,3.7
AZ,2023-01-01,3.7
AZ,2023-02-01,3.7
AZ,2023-03-01,3.6
AZ,2023-04-01,3.7
AZ,2023-05-01,3.7
AZ,2023-06-01,3.7
AZ,2023-07-01,3.7
AZ,2023-08-01,3.7
AZ,2023-09-01,3.8
AZ,2023-10-01,3.7
AZ,2023-11-01,3.7
AZ,2023-12-01,3.6
AZ,2024-01-01,3.5
AZ,2024-02-01,3.4
AZ,2024-03-01,3.4
AZ,2024-04-01,3.5
AZ,2024-05-01,3.5
AZ,2024-06-01,3.6
AZ,2024-07-01,3.7
AZ,2024-08-01,3.8
AZ,2024-09-01,3.9
AZ,2024-10-01,4.0
AZ,2024-11-01,4.0
AZ,2024-12-01,4.1
AZ,2025-01-01,4.2
AZ,2025-02-01,4.2
AZ,2025-03-01,4.2
AZ,2025-04-01,4.2
AZ,2025-05-01,4.3
AZ,2025-06-01,4.3
AZ,2025-07-01,4.3
AZ,2025-08-01,4.4
AZ,2025-09-01,4.4
AZ,2025-10-01,
AZ,2025-11-01,4.4
AZ,2025-12-01,4.4
AZ,2026-01-01,4.5
AZ,2026-02-01,4.6
AZ,2026-03-01,4.7
AZ,2026-04-01,4.7
AZ,2026-05-01,4.8
AZ,2026-06-01,4.9
AR,2015-01-01,5.5
AR,2015-02-01,5.4
AR,2015-03-01,5.4
AR,2015-04-01,5.3
AR,2015-05-01,5.2
AR,2015-06-01,5.1
AR,2015-07-01,4.9
AR,2015-08-01,4.8
AR,2015-09-01,4.6
AR,2015-10-01,4.5
AR,2015-11-01,4.4
AR,2015-12-01,4.3
AR,2016-01-01,4.2
AR,2016-02-01,4.1
AR,2016-03-01,4.0
AR,2016-04-01,4.0
AR,2016-05-01,4.0
AR,2016-06-01,4.0
AR,2016-07-01,4.0
AR,2016-08-01,3.9
AR,2016-09-01,3.9
AR,2016-10-01,3.9
AR,2016-11-01,3.9
AR,2016-12-01,3.8
AR,2017-01-01,3.8
AR,2017-02-01,3.7
AR,2017-03-01,3.7
AR,2017-04-01,3.7
AR,2017-05-01,3.7
AR,2017-06-01,3.7
AR,2017-07-01,3.7
AR,2017-08-01,3.7
AR,2017-09-01,3.8
AR,2017-10-01,3.8
AR,2017-11-01,3.8
AR,2017-12-01,3.8
AR,2018-01-01,3.8
AR,2018-02-01,3.8
AR,2018-03-01,3.7
AR,2018-04-01,3.7
AR,2018-05-01,3.6
AR,2018-06-01,3.6
AR,2018-07-01,3.5
AR,2018-08-01,3.5
AR,2018-09-01,3.6
AR,2018-10-01,3.6
AR,2018-11-01,3.7
AR,2018-12-01,3.7
AR,2019-01-01,3.7
AR,2019-02-01,3.6
AR,2019-03-01,3.5
AR,2019-04-01,3.4
AR,2019-05-01,3.4
AR,2019-06-01,3.4
AR,2019-07-01,3.4
AR,2019-08-01,3.5
AR,2019-09-01,3.5
AR,2019-10-01,3.5
AR,2019-11-01,3.5
AR,2019-12-01,3.5
AR,2020-01-01,3.5
AR,2020-02-01,3.6
AR,2020-03-01,4.8
AR,2020-04-01,10.1
AR,2020-05-01,8.9
AR,2020-06-01,7.9
AR,2020-07-01,7.3
AR,2020-08-01,6.4
AR,2020-09-01,5.9
AR,2020-10-01,5.4
AR,2020-11-01,5.1
AR,2020-12-01,5.0
AR,2021-01-01,4.9
AR,2021-02-01,4.8
AR,2021-03-01,4.7
AR,2021-04-01,4.6
AR,2021-05-01,4.4
AR,2021-06-01,4.2
AR,2021-07-01,4.0
AR,2021-08-01,3.7
AR,2021-09-01,3.5
AR,2021-10-01,3.3
AR,2021-11-01,3.2
AR,2021-12-01,3.2
AR,2022-01-01,3.2
AR,2022-02-01,3.2
AR,2022-03-01,3.2
AR,2022-04-01,3.2
AR,2022-05-01,3.2
AR,2022-06-01,3.2
AR,2022-07-01,3.2
AR,2022-08-01,3.2
AR,2022-09-01,3.2
AR,2022-10-01,3.2
AR,2022-11-01,3.1
AR,2022-12-01,3.0
AR,2023-01-01,2.9
AR,2023-02-01,2.9
AR,2023-03-01,2.9
AR,2023-04-01,2.9
AR,2023-05-01,3.0
AR,2023-06-01,3.0
AR,2023-07-01,3.2
AR,2023-08-01,3.3
AR,2023-09-01,3.4
AR,2023-10-01,3.4
AR,2023-11-01,3.5
AR,2023-12-01,3.5
AR,2024-01-01,3.4
AR,2024-02-01,3.4
AR,2024-03-01,3.4
AR,2024-04-01,3.4
AR,2024-05-01,3.4
AR,2024-06-01,3.4
AR,2024-07-01,3.5
AR,2024-08-01,3.5
AR,2024-09-01,3.5
AR,2024-10-01,3.6
AR,2024-11-01,3.7
AR,2024-12-01,3.7
AR,2025-01-01,3.8
AR,2025-02-01,3.8
AR,2025-03-01,3.9
AR,2025-04-01,3.9
AR,2025-05-01,4.0
AR,2025-06-01,4.0
AR,2025-07-01,4.1
AR,2025-08-01,4.2
AR,2025-09-01,4.2
AR,2025-10-01,
AR,2025-11-01,4.3
AR,2025-12-01,4.3
AR,2026-01-01,4.4
AR,2026-02-01,4.4
AR,2026-03-01,4.3
AR,2026-04-01,4.3
AR,2026-05-01,4.2
AR,2026-06-01,4.1
CA,2015-01-01,6.8
CA,2015-02-01,6.7
CA,2015-03-01,6.6
CA,2015-04-01,6.5
CA,2015-05-01,6.4
CA,2015-06-01,6.3
CA,2015-07-01,6.1
CA,2015-08-01,6.0
CA,2015-09-01,5.9
CA,2015-10-01,5.8
CA,2015-11-01,5.8
CA,2015-12-01,5.7
CA,2016-01-01,5.7
CA,2016-02-01,5.6
CA,2016-03-01,5.6
CA,2016-04-01,5.5
CA,2016-05-01,5.5
CA,2016-06-01,5.5
CA,2016-07-01,5.5
CA,2016-08-01,5.5
CA,2016-09-01,5.5
CA,2016-10-01,5.5
CA,2016-11-01,5.4
CA,2016-12-01,5.4
CA,2017-01-01,5.3
CA,2017-02-01,5.1
CA,2017-03-01,5.0
CA,2017-04-01,5.0
CA,2017-05-01,4.9
CA,2017-06-01,4.8
CA,2017-07-01,4.8
CA,2017-08-01,4.8
CA,2017-09-01,4.7
CA,2017-10-01,4.6
CA,2017-11-01,4.5
CA,2017-12-01,4.5
CA,2018-01-01,4.4
CA,2018-02-01,4.3
CA,2018-03-01,4.3
CA,2018-04-01,4.2
CA,2018-05-01,4.2
CA,2018-06-01,4.2
CA,2018-07-01,4.2
CA,2018-08-01,4.2
CA,2018-09-01,4.2
CA,2018-10-01,4.3
CA,2018-11-01,4.3
CA,2018-12-01,4.3
CA,2019-01-01,4.3
CA,2019-02-01,4.3
CA,2019-03-01,4.2
CA,2019-04-01,4.1
CA,2019-05-01,4.0
CA,2019-06-01,4.0
CA,2019-07-01,4.0
CA,2019-08-01,4.0
CA,2019-09-01,4.0
CA,2019-10-01,4.0
CA,2019-11-01,4.1
CA,2019-12-01,4.1
CA,2020-01-01,4.3
CA,2020-02-01,4.4
CA,2020-03-01,5.5
CA,2020-04-01,16.1
CA,2020-05-01,15.8
CA,2020-06-01,13.8
CA,2020-07-01,13.1
CA,2020-08-01,11.8
CA,2020-09-01,9.9
CA,2020-10-01,9.3
CA,2020-11-01,9.0
CA,2020-12-01,9.0
CA,2021-01-01,8.7
CA,2021-02-01,8.6
CA,2021-03-01,8.5
CA,2021-04-01,8.4
CA,2021-05-01,8.0
CA,2021-06-01,7.9
CA,2021-07-01,7.4
CA,2021-08-01,7.0
CA,2021-09-01,6.5
CA,2021-10-01,6.1
CA,2021-11-01,5.7
CA,2021-12-01,5.4
CA,2022-01-01,5.2
CA,2022-02-01,4.8
CA,2022-03-01,4.5
CA,2022-04-01,4.3
CA,2022-05-01,4.1
CA,2022-06-01,4.0
CA,2022-07-01,3.9
CA,2022-08-01,3.8
CA,2022-09-01,4.0
CA,2022-10-01,4.1
CA,2022-11-01,4.3
CA,2022-12-01,4.4
CA,2023-01-01,4.4
CA,2023-02-01,4.5
CA,2023-03-01,4.5
CA,2023-04-01,4.5
CA,2023-05-01,4.6
CA,2023-06-01,4.6
CA,2023-07-01,4.7
CA,2023-08-01,4.8
CA,2023-09-01,4.9
CA,2023-10-01,5.0
CA,2023-11-01,5.0
CA,2023-12-01,5.1
CA,2024-01-01,5.1
CA,2024-02-01,5.1
CA,2024-03-01,5.2
CA,2024-04-01,5.2
CA,2024-05-01,5.2
CA,2024-06-01,5.3
CA,2024-07-01,5.4
CA,2024-08-01,5.4
CA,2024-09-01,5.4
CA,2024-10-01,5.4
CA,2024-11-01,5.4
CA,2024-12-01,5.4
CA,2025-01-01,5.4
CA,2025-02-01,5.4
CA,2025-03-01,5.4
CA,2025-04-01,5.4
CA,2025-05-01,5.5
CA,2025-06-01,5.5
CA,2025-07-01,5.5
CA,2025-08-01,5.5
CA,2025-09-01,5.5
CA,2025-10-01,
CA,2025-11-01,5.5
CA,2025-12-01,5.5
CA,2026-01-01,5.4
CA,2026-02-01,5.4
CA,2026-03-01,5.3
CA,2026-04-01,5.3
CA,2026-05-01,5.3
CA,2026-06-01,5.2
CO,2015-01-01,4.1
CO,2015-02-01,4.1
CO,2015-03-01,4.0
CO,2015-04-01,4.0
CO,2015-05-01,3.9
CO,2015-06-01,3.8
CO,2015-07-01,3.6
CO,2015-08-01,3.5
CO,2015-09-01,3.4
CO,2015-10-01,3.4
CO,2015-11-01,3.3
CO,2015-12-01,3.3
CO,2016-01-01,3.3
CO,2016-02-01,3.3
CO,2016-03-01,3.3
CO,2016-04-01,3.3
CO,2016-05-01,3.3
CO,2016-06-01,3.2
CO,2016-07-01,3.2
CO,2016-08-01,3.1
CO,2016-09-01,3.0
CO,2016-10-01,2.9
CO,2016-11-01,2.8
CO,2016-12-01,2.7
CO,2017-01-01,2.6
CO,2017-02-01,2.5
CO,2017-03-01,2.4
CO,2017-04-01,2.4
CO,2017-05-01,2.4
CO,2017-06-01,2.5
CO,2017-07-01,2.6
CO,2017-08-01,2.7
CO,2017-09-01,2.8
CO,2017-10-01,2.8
CO,2017-11-01,2.8
CO,2017-12-01,2.9
CO,2018-01-01,2.9
CO,2018-02-01,2.9
CO,2018-03-01,2.9
CO,2018-04-01,3.0
CO,2018-05-01,3.0
CO,2018-06-01,3.1
CO,2018-07-01,3.1
CO,2018-08-01,3.1
CO,2018-09-01,3.1
CO,2018-10-01,3.1
CO,2018-11-01,3.1
CO,2018-12-01,3.0
CO,2019-01-01,3.0
CO,2019-02-01,2.9
CO,2019-03-01,2.8
CO,2019-04-01,2.6
CO,2019-05-01,2.6
CO,2019-06-01,2.5
CO,2019-07-01,2.5
CO,2019-08-01,2.5
CO,2019-09-01,2.5
CO,2019-10-01,2.6
CO,2019-11-01,2.7
CO,2019-12-01,2.8
CO,2020-01-01,3.0
CO,2020-02-01,3.2
CO,2020-03-01,3.4
CO,2020-04-01,11.2
CO,2020-05-01,11.7
CO,2020-06-01,11.2
CO,2020-07-01,6.5
CO,2020-08-01,6.2
CO,2020-09-01,6.3
CO,2020-10-01,6.2
CO,2020-11-01,6.2
CO,2020-12-01,6.4
CO,2021-01-01,6.3
CO,2021-02-01,6.3
CO,2021-03-01,6.2
CO,2021-04-01,6.2
CO,2021-05-01,6.0
CO,2021-06-01,5.9
CO,2021-07-01,5.7
CO,2021-08-01,5.4
CO,2021-09-01,4.9
CO,2021-10-01,4.6
CO,2021-11-01,4.4
CO,2021-12-01,4.2
CO,2022-01-01,4.0
CO,2022-02-01,3.6
CO,2022-03-01,3.3
CO,2022-04-01,3.1
CO,2022-05-01,3.0
CO,2022-06-01,2.9
CO,2022-07-01,2.7
CO,2022-08-01,2.6
CO,2022-09-01,2.8
CO,2022-10-01,2.9
CO,2022-11-01,2.9
CO,2022-12-01,3.0
CO,2023-01-01,3.0
CO,2023-02-01,3.0
CO,2023-03-01,3.1
CO,2023-04-01,3.1
CO,2023-05-01,3.2
CO,2023-06-01,3.2
CO,2023-07-01,3.3
CO,2023-08-01,3.3
CO,2023-09-01,3.4
CO,2023-10-01,3.5
CO,2023-11-01,3.6
CO,2023-12-01,3.7
CO,2024-01-01,3.8
CO,2024-02-01,3.9
CO,2024-03-01,3.9
CO,2024-04-01,4.0
CO,2024-05-01,4.1
CO,2024-06-01,4.1
CO,2024-07-01,4.2
CO,2024-08-01,4.3
CO,2024-09-01,4.3
CO,2024-10-01,4.3
CO,2024-11-01,4.3
CO,2024-12-01,4.3
CO,2025-01-01,4.3
CO,2025-02-01,4.3
CO,2025-03-01,4.2
CO,2025-04-01,4.2
CO,2025-05-01,4.1
CO,2025-06-01,4.0
CO,2025-07-01,3.9
CO,2025-08-01,3.9
CO,2025-09-01,3.8
CO,2025-10-01,
CO,2025-11-01,3.8
CO,2025-12-01,3.8
CO,2026-01-01,3.9
CO,2026-02-01,3.9
CO,2026-03-01,3.9
CO,2026-04-01,3.9
CO,2026-05-01,3.9
CO,2026-06-01,3.9
CT,2015-01-01,6.0
CT,2015-02-01,5.9
CT,2015-03-01,5.8
CT,2015-04-01,5.7
CT,2015-05-01,5.7
CT,2015-06-01,5.6
CT,2015-07-01,5.5
CT,2015-08-01,5.5
CT,2015-09-01,5.5
CT,2015-10-01,5.4
CT,2015-11-01,5.4
CT,2015-12-01,5.3
CT,2016-01-01,5.3
CT,2016-02-01,5.2
CT,2016-03-01,5.1
CT,2016-04-01,5.0
CT,2016-05-01,5.0
CT,2016-06-01,4.9
CT,2016-07-01,4.8
CT,2016-08-01,4.7
CT,2016-09-01,4.7
CT,2016-10-01,4.6
CT,2016-11-01,4.6
CT,2016-12-01,4.6
CT,2017-01-01,4.6
CT,2017-02-01,4.5
CT,2017-03-01,4.5
CT,2017-04-01,4.5
CT,2017-05-01,4.4
CT,2017-06-01,4.4
CT,2017-07-01,4.4
CT,2017-08-01,4.4
CT,2017-09-01,4.3
CT,2017-10-01,4.3
CT,2017-11-01,4.3
CT,2017-12-01,4.3
CT,2018-01-01,4.2
CT,2018-02-01,4.2
CT,2018-03-01,4.1
CT,2018-04-01,4.0
CT,2018-05-01,3.9
CT,2018-06-01,3.9
CT,2018-07-01,3.8
CT,2018-08-01,3.8
CT,2018-09-01,3.8
CT,2018-10-01,3.7
CT,2018-11-01,3.7
CT,2018-12-01,3.7
CT,2019-01-01,3.7
CT,2019-02-01,3.6
CT,2019-03-01,3.5
CT,2019-04-01,3.5
CT,2019-05-01,3.5
CT,2019-06-01,3.5
CT,2019-07-01,3.5
CT,2019-08-01,3.6
CT,2019-09-01,3.6
CT,2019-10-01,3.6
CT,2019-11-01,3.7
CT,2019-12-01,3.7
CT,2020-01-01,3.8
CT,2020-02-01,3.8
CT,2020-03-01,3.9
CT,2020-04-01,8.3
CT,2020-05-01,11.9
CT,2020-06-01,11.5
CT,2020-07-01,11.7
CT,2020-08-01,9.6
CT,2020-09-01,8.8
CT,2020-10-01,7.9
CT,2020-11-01,7.5
CT,2020-12-01,7.4
CT,2021-01-01,7.2
CT,2021-02-01,7.2
CT,2021-03-01,7.1
CT,2021-04-01,7.2
CT,2021-05-01,7.0
CT,2021-06-01,6.9
CT,2021-07-01,6.6
CT,2021-08-01,6.3
CT,2021-09-01,5.9
CT,2021-10-01,5.6
CT,2021-11-01,5.3
CT,2021-12-01,5.0
CT,2022-01-01,4.8
CT,2022-02-01,4.5
CT,2022-03-01,4.3
CT,2022-04-01,4.2
CT,2022-05-01,4.1
CT,2022-06-01,4.0
CT,2022-07-01,3.9
CT,2022-08-01,3.7
CT,2022-09-01,3.7
CT,2022-10-01,3.7
CT,2022-11-01,3.6
CT,2022-12-01,3.5
CT,2023-01-01,3.4
CT,2023-02-01,3.3
CT,2023-03-01,3.2
CT,2023-04-01,3.1
CT,2023-05-01,3.1
CT,2023-06-01,3.1
CT,2023-07-01,3.1
CT,2023-08-01,3.1
CT,2023-09-01,3.2
CT,2023-10-01,3.2
CT,2023-11-01,3.3
CT,2023-12-01,3.3
CT,2024-01-01,3.3
CT,2024-02-01,3.2
CT,2024-03-01,3.2
CT,2024-04-01,3.2
CT,2024-05-01,3.2
CT,2024-06-01,3.2
CT,2024-07-01,3.3
CT,2024-08-01,3.3
CT,2024-09-01,3.4
CT,2024-10-01,3.4
CT,2024-11-01,3.5
CT,2024-12-01,3.5
CT,2025-01-01,3.6
CT,2025-02-01,3.7
CT,2025-03-01,3.7
CT,2025-04-01,3.8
CT,2025-05-01,3.8
CT,2025-06-01,3.9
CT,2025-07-01,3.9
CT,2025-08-01,4.1
CT,2025-09-01,4.2
CT,2025-10-01,
CT,2025-11-01,4.3
CT,2025-12-01,4.3
CT,2026-01-01,4.5
CT,2026-02-01,4.7
CT,2026-03-01,4.8
CT,2026-04-01,5.0
CT,2026-05-01,5.1
CT,2026-06-01,5.2
DE,2015-01-01,5.0
DE,2015-02-01,5.0
DE,2015-03-01,5.0
DE,2015-04-01,4.9
DE,2015-05-01,4.9
DE,2015-06-01,4.8
DE,2015-07-01,4.8
DE,2015-08-01,4.7
DE,2015-09-01,4.7
DE,2015-10-01,4.7
DE,2015-11-01,4.6
DE,2015-12-01,4.6
DE,2016-01-01,4.5
DE,2016-02-01,4.5
DE,2016-03-01,4.5
DE,2016-04-01,4.5
DE,2016-05-01,4.5
DE,2016-06-01,4.5
DE,2016-07-01,4.5
DE,2016-08-01,4.5
DE,2016-09-01,4.6
DE,2016-10-01,4.6
DE,2016-11-01,4.6
DE,2016-12-01,4.6
DE,2017-01-01,4.6
DE,2017-02-01,4.6
DE,2017-03-01,4.5
DE,2017-04-01,4.5
DE,2017-05-01,4.5
DE,2017-06-01,4.4
DE,2017-07-01,4.4
DE,2017-08-01,4.3
DE,2017-09-01,4.3
DE,2017-10-01,4.3
DE,2017-11-01,4.2
DE,2017-12-01,4.2
DE,2018-01-01,4.1
DE,2018-02-01,4.0
DE,2018-03-01,3.9
DE,2018-04-01,3.8
DE,2018-05-01,3.7
DE,2018-06-01,3.7
DE,2018-07-01,3.6
DE,2018-08-01,3.5
DE,2018-09-01,3.5
DE,2018-10-01,3.5
DE,2018-11-01,3.5
DE,2018-12-01,3.5
DE,2019-01-01,3.5
DE,2019-02-01,3.5
DE,2019-03-01,3.5
DE,2019-04-01,3.5
DE,2019-05-01,3.5
DE,2019-06-01,3.5
DE,2019-07-01,3.6
DE,2019-08-01,3.6
DE,2019-09-01,3.6
DE,2019-10-01,3.6
DE,2019-11-01,3.6
DE,2019-12-01,3.6
DE,2020-01-01,3.6
DE,2020-02-01,3.6
DE,2020-03-01,5.0
DE,2020-04-01,13.1
DE,2020-05-01,13.4
DE,2020-06-01,12.8
DE,2020-07-01,7.6
DE,2020-08-01,7.4
DE,2020-09-01,7.6
DE,2020-10-01,5.2
DE,2020-11-01,5.4
DE,2020-12-01,5.6
DE,2021-01-01,5.8
DE,2021-02-01,5.9
DE,2021-03-01,6.0
DE,2021-04-01,6.0
DE,2021-05-01,5.9
DE,2021-06-01,5.8
DE,2021-07-01,5.6
DE,2021-08-01,5.4
DE,2021-09-01,5.1
DE,2021-10-01,4.9
DE,2021-11-01,4.8
DE,2021-12-01,4.6
DE,2022-01-01,4.5
DE,2022-02-01,4.4
DE,2022-03-01,4.3
DE,2022-04-01,4.2
DE,2022-05-01,4.2
DE,2022-06-01,4.2
DE,2022-07-01,4.1
DE,2022-08-01,4.1
DE,2022-09-01,4.1
DE,2022-10-01,4.2
DE,2022-11-01,4.1
DE,2022-12-01,4.1
DE,2023-01-01,4.0
DE,2023-02-01,3.9
DE,2023-03-01,3.9
DE,2023-04-01,3.8
DE,2023-05-01,3.8
DE,2023-06-01,3.8
DE,2023-07-01,3.9
DE,2023-08-01,3.9
DE,2023-09-01,3.9
DE,2023-10-01,4.0
DE,2023-11-01,3.9
DE,2023-12-01,3.9
DE,2024-01-01,3.9
DE,2024-02-01,3.8
DE,2024-03-01,3.8
DE,2024-04-01,3.9
DE,2024-05-01,3.9
DE,2024-06-01,4.0
DE,2024-07-01,4.0
DE,2024-08-01,3.9
DE,2024-09-01,3.9
DE,2024-10-01,3.9
DE,2024-11-01,4.0
DE,2024-12-01,4.0
DE,2025-01-01,4.1
DE,2025-02-01,4.3
DE,2025-03-01,4.4
DE,2025-04-01,4.5
DE,2025-05-01,4.5
DE,2025-06-01,4.7
DE,2025-07-01,4.8
DE,2025-08-01,5.0
DE,2025-09-01,5.2
DE,2025-10-01,
DE,2025-11-01,5.3
DE,2025-12-01,5.3
DE,2026-01-01,5.4
DE,2026-02-01,5.4
DE,2026-03-01,5.4
DE,2026-04-01,5.3
DE,2026-05-01,5.1
DE,2026-06-01,4.9
DC,2015-01-01,7.3
DC,2015-02-01,7.3
DC,2015-03-01,7.2
DC,2015-04-01,7.1
DC,2015-05-01,7.0
DC,2015-06-01,6.9
DC,2015-07-01,6.8
DC,2015-08-01,6.7
DC,2015-09-01,6.7
DC,2015-10-01,6.6
DC,2015-11-01,6.5
DC,2015-12-01,6.5
DC,2016-01-01,6.4
DC,2016-02-01,6.3
DC,2016-03-01,6.2
DC,2016-04-01,6.1
DC,2016-05-01,6.1
DC,2016-06-01,6.1
DC,2016-07-01,6.2
DC,2016-08-01,6.2
DC,2016-09-01,6.3
DC,2016-10-01,6.3
DC,2016-11-01,6.3
DC,2016-12-01,6.3
DC,2017-01-01,6.3
DC,2017-02-01,6.2
DC,2017-03-01,6.2
DC,2017-04-01,6.2
DC,2017-05-01,6.2
DC,2017-06-01,6.2
DC,2017-07-01,6.1
DC,2017-08-01,6.1
DC,2017-09-01,6.0
DC,2017-10-01,6.0
DC,2017-11-01,5.9
DC,2017-12-01,5.9
DC,2018-01-01,5.9
DC,2018-02-01,5.9
DC,2018-03-01,5.8
DC,2018-04-01,5.8
DC,2018-05-01,5.7
DC,2018-06-01,5.7
DC,2018-07-01,5.6
DC,2018-08-01,5.5
DC,2018-09-01,5.5
DC,2018-10-01,5.6
DC,2018-11-01,5.7
DC,2018-12-01,5.9
DC,2019-01-01,5.9
DC,2019-02-01,5.9
DC,2019-03-01,5.9
DC,2019-04-01,5.7
DC,2019-05-01,5.6
DC,2019-06-01,5.5
DC,2019-07-01,5.4
DC,2019-08-01,5.3
DC,2019-09-01,5.2
DC,2019-10-01,5.2
DC,2019-11-01,5.2
DC,2019-12-01,5.4
DC,2020-01-01,5.5
DC,2020-02-01,5.7
DC,2020-03-01,5.8
DC,2020-04-01,11.3
DC,2020-05-01,8.8
DC,2020-06-01,8.6
DC,2020-07-01,8.7
DC,2020-08-01,8.5
DC,2020-09-01,8.6
DC,2020-10-01,8.3
DC,2020-11-01,8.0
DC,2020-12-01,7.8
DC,2021-01-01,7.3
DC,2021-02-01,7.0
DC,2021-03-01,7.0
DC,2021-04-01,7.0
DC,2021-05-01,7.1
DC,2021-06-01,7.2
DC,2021-07-01,7.1
DC,2021-08-01,7.0
DC,2021-09-01,6.6
DC,2021-10-01,6.5
DC,2021-11-01,6.3
DC,2021-12-01,6.1
DC,2022-01-01,5.9
DC,2022-02-01,5.5
DC,2022-03-01,5.2
DC,2022-04-01,4.9
DC,2022-05-01,4.6
DC,2022-06-01,4.4
DC,2022-07-01,4.2
DC,2022-08-01,4.0
DC,2022-09-01,4.2
DC,2022-10-01,4.3
DC,2022-11-01,4.5
DC,2022-12-01,4.7
DC,2023-01-01,4.8
DC,2023-02-01,4.8
DC,2023-03-01,4.8
DC,2023-04-01,4.8
DC,2023-05-01,4.8
DC,2023-06-01,4.7
DC,2023-07-01,4.8
DC,2023-08-01,4.8
DC,2023-09-01,4.9
DC,2023-10-01,5.0
DC,2023-11-01,5.0
DC,2023-12-01,5.1
DC,2024-01-01,5.1
DC,2024-02-01,5.1
DC,2024-03-01,5.1
DC,2024-04-01,5.2
DC,2024-05-01,5.2
DC,2024-06-01,5.3
DC,2024-07-01,5.4
DC,2024-08-01,5.4
DC,2024-09-01,5.4
DC,2024-10-01,5.4
DC,2024-11-01,5.5
DC,2024-12-01,5.6
DC,2025-01-01,5.7
DC,2025-02-01,5.9
DC,2025-03-01,6.0
DC,2025-04-01,6.1
DC,2025-05-01,6.1
DC,2025-06-01,6.2
DC,2025-07-01,6.3
DC,2025-08-01,6.5
DC,2025-09-01,6.6
DC,2025-10-01,
DC,2025-11-01,6.7
DC,2025-12-01,6.7
DC,2026-01-01,6.7
DC,2026-02-01,6.5
DC,2026-03-01,6.3
DC,2026-04-01,6.2
DC,2026-05-01,6.1
DC,2026-06-01,6.0
FL,2015-01-01,5.9
FL,2015-02-01,5.8
FL,2015-03-01,5.8
FL,2015-04-01,5.7
FL,2015-05-01,5.6
FL,2015-06-01,5.5
FL,2015-07-01,5.5
FL,2015-08-01,5.4
FL,2015-09-01,5.3
FL,2015-10-01,5.2
FL,2015-11-01,5.2
FL,2015-12-01,5.1
FL,2016-01-01,5.1
FL,2016-02-01,5.0
FL,2016-03-01,4.9
FL,2016-04-01,4.9
FL,2016-05-01,4.9
FL,2016-06-01,4.9
FL,2016-07-01,4.9
FL,2016-08-01,4.9
FL,2016-09-01,4.9
FL,2016-10-01,4.9
FL,2016-11-01,4.8
FL,2016-12-01,4.8
FL,2017-01-01,4.7
FL,2017-02-01,4.6
FL,2017-03-01,4.5
FL,2017-04-01,4.4
FL,2017-05-01,4.3
FL,2017-06-01,4.2
FL,2017-07-01,4.2
FL,2017-08-01,4.2
FL,2017-09-01,4.1
FL,2017-10-01,4.1
FL,2017-11-01,4.1
FL,2017-12-01,4.0
FL,2018-01-01,3.9
FL,2018-02-01,3.9
FL,2018-03-01,3.8
FL,2018-04-01,3.7
FL,2018-05-01,3.7
FL,2018-06-01,3.6
FL,2018-07-01,3.6
FL,2018-08-01,3.5
FL,2018-09-01,3.5
FL,2018-10-01,3.5
FL,2018-11-01,3.5
FL,2018-12-01,3.5
FL,2019-01-01,3.5
FL,2019-02-01,3.4
FL,2019-03-01,3.4
FL,2019-04-01,3.3
FL,2019-05-01,3.3
FL,2019-06-01,3.2
FL,2019-07-01,3.2
FL,2019-08-01,3.2
FL,2019-09-01,3.2
FL,2019-10-01,3.1
FL,2019-11-01,3.1
FL,2019-12-01,3.0
FL,2020-01-01,3.0
FL,2020-02-01,3.0
FL,2020-03-01,4.0
FL,2020-04-01,13.3
FL,2020-05-01,14.1
FL,2020-06-01,11.6
FL,2020-07-01,11.6
FL,2020-08-01,8.6
FL,2020-09-01,8.0
FL,2020-10-01,6.9
FL,2020-11-01,6.5
FL,2020-12-01,6.2
FL,2021-01-01,5.8
FL,2021-02-01,5.5
FL,2021-03-01,5.4
FL,2021-04-01,5.2
FL,2021-05-01,5.0
FL,2021-06-01,5.0
FL,2021-07-01,4.7
FL,2021-08-01,4.5
FL,2021-09-01,4.2
FL,2021-10-01,4.0
FL,2021-11-01,3.8
FL,2021-12-01,3.6
FL,2022-01-01,3.5
FL,2022-02-01,3.3
FL,2022-03-01,3.2
FL,2022-04-01,3.1
FL,2022-05-01,3.0
FL,2022-06-01,2.9
FL,2022-07-01,2.9
FL,2022-08-01,2.8
FL,2022-09-01,2.8
FL,2022-10-01,2.9
FL,2022-11-01,2.9
FL,2022-12-01,2.8
FL,2023-01-01,2.8
FL,2023-02-01,2.8
FL,2023-03-01,2.8
FL,2023-04-01,2.8
FL,2023-05-01,2.8
FL,2023-06-01,2.9
FL,2023-07-01,2.9
FL,2023-08-01,3.0
FL,2023-09-01,3.0
FL,2023-10-01,3.1
FL,2023-11-01,3.1
FL,2023-12-01,3.1
FL,2024-01-01,3.1
FL,2024-02-01,3.2
FL,2024-03-01,3.2
FL,2024-04-01,3.3
FL,2024-05-01,3.3
FL,2024-06-01,3.4
FL,2024-07-01,3.4
FL,2024-08-01,3.4
FL,2024-09-01,3.5
FL,2024-10-01,3.5
FL,2024-11-01,3.5
FL,2024-12-01,3.5
FL,2025-01-01,3.5
FL,2025-02-01,3.6
FL,2025-03-01,3.6
FL,2025-04-01,3.7
FL,2025-05-01,3.7
FL,2025-06-01,3.8
FL,2025-07-01,3.9
FL,2025-08-01,4.0
FL,2025-09-01,4.2
FL,2025-10-01,
FL,2025-11-01,4.3
FL,2025-12-01,4.3
FL,2026-01-01,4.5
FL,2026-02-01,4.6
FL,2026-03-01,4.7
FL,2026-04-01,4.8
FL,2026-05-01,4.8
FL,2026-06-01,4.7
GA,2015-01-01,6.5
GA,2015-02-01,6.4
GA,2015-03-01,6.3
GA,2015-04-01,6.2
GA,2015-05-01,6.2
GA,2015-06-01,6.1
GA,2015-07-01,6.0
GA,2015-08-01,5.9
GA,2015-09-01,5.8
GA,2015-10-01,5.8
GA,2015-11-01,5.7
GA,2015-12-01,5.7
GA,2016-01-01,5.7
GA,2016-02-01,5.6
GA,2016-03-01,5.5
GA,2016-04-01,5.5
GA,2016-05-01,5.4
GA,2016-06-01,5.4
GA,2016-07-01,5.4
GA,2016-08-01,5.4
GA,2016-09-01,5.4
GA,2016-10-01,5.4
GA,2016-11-01,5.4
GA,2016-12-01,5.3
GA,2017-01-01,5.2
GA,2017-02-01,5.1
GA,2017-03-01,5.0
GA,2017-04-01,4.9
GA,2017-05-01,4.9
GA,2017-06-01,4.8
GA,2017-07-01,4.7
GA,2017-08-01,4.6
GA,2017-09-01,4.6
GA,2017-10-01,4.5
GA,2017-11-01,4.4
GA,2017-12-01,4.4
GA,2018-01-01,4.3
GA,2018-02-01,4.2
GA,2018-03-01,4.2
GA,2018-04-01,4.1
GA,2018-05-01,4.0
GA,2018-06-01,4.0
GA,2018-07-01,3.9
GA,2018-08-01,3.9
GA,2018-09-01,3.9
GA,2018-10-01,3.9
GA,2018-11-01,3.9
GA,2018-12-01,3.9
GA,2019-01-01,3.9
GA,2019-02-01,3.8
GA,2019-03-01,3.7
GA,2019-04-01,3.7
GA,2019-05-01,3.6
GA,2019-06-01,3.6
GA,2019-07-01,3.6
GA,2019-08-01,3.5
GA,2019-09-01,3.5
GA,2019-10-01,3.4
GA,2019-11-01,3.4
GA,2019-12-01,3.5
GA,2020-01-01,3.6
GA,2020-02-01,3.6
GA,2020-03-01,3.7
GA,2020-04-01,12.5
GA,2020-05-01,9.8
GA,2020-06-01,8.4
GA,2020-07-01,7.7
GA,2020-08-01,6.8
GA,2020-09-01,6.5
GA,2020-10-01,5.6
GA,2020-11-01,5.3
GA,2020-12-01,5.1
GA,2021-01-01,4.9
GA,2021-02-01,4.6
GA,2021-03-01,4.5
GA,2021-04-01,4.3
GA,2021-05-01,4.1
GA,2021-06-01,4.0
GA,2021-07-01,3.8
GA,2021-08-01,3.6
GA,2021-09-01,3.5
GA,2021-10-01,3.3
GA,2021-11-01,3.2
GA,2021-12-01,3.2
GA,2022-01-01,3.1
GA,2022-02-01,3.1
GA,2022-03-01,3.0
GA,2022-04-01,3.0
GA,2022-05-01,3.0
GA,2022-06-01,3.1
GA,2022-07-01,3.1
GA,2022-08-01,3.2
GA,2022-09-01,3.2
GA,2022-10-01,3.2
GA,2022-11-01,3.2
GA,2022-12-01,3.2
GA,2023-01-01,3.2
GA,2023-02-01,3.2
GA,2023-03-01,3.2
GA,2023-04-01,3.2
GA,2023-05-01,3.2
GA,2023-06-01,3.2
GA,2023-07-01,3.2
GA,2023-08-01,3.3
GA,2023-09-01,3.3
GA,2023-10-01,3.3
GA,2023-11-01,3.2
GA,2023-12-01,3.2
GA,2024-01-01,3.2
GA,2024-02-01,3.2
GA,2024-03-01,3.3
GA,2024-04-01,3.4
GA,2024-05-01,3.4
GA,2024-06-01,3.5
GA,2024-07-01,3.5
GA,2024-08-01,3.5
GA,2024-09-01,3.5
GA,2024-10-01,3.5
GA,2024-11-01,3.4
GA,2024-12-01,3.4
GA,2025-01-01,3.4
GA,2025-02-01,3.4
GA,2025-03-01,3.4
GA,2025-04-01,3.3
GA,2025-05-01,3.3
GA,2025-06-01,3.3
GA,2025-07-01,3.3
GA,2025-08-01,3.4
GA,2025-09-01,3.4
GA,2025-10-01,
GA,2025-11-01,3.5
GA,2025-12-01,3.5
GA,2026-01-01,3.5
GA,2026-02-01,3.6
GA,2026-03-01,3.5
GA,2026-04-01,3.5
GA,2026-05-01,3.4
GA,2026-06-01,3.4
HI,2015-01-01,3.8
HI,2015-02-01,3.7
HI,2015-03-01,3.7
HI,2015-04-01,3.6
HI,2015-05-01,3.5
HI,2015-06-01,3.4
HI,2015-07-01,3.3
HI,2015-08-01,3.3
HI,2015-09-01,3.2
HI,2015-10-01,3.2
HI,2015-11-01,3.2
HI,2015-12-01,3.1
HI,2016-01-01,3.1
HI,2016-02-01,3.1
HI,2016-03-01,3.0
HI,2016-04-01,3.0
HI,2016-05-01,3.0
HI,2016-06-01,3.0
HI,2016-07-01,2.9
HI,2016-08-01,2.9
HI,2016-09-01,2.8
HI,2016-10-01,2.8
HI,2016-11-01,2.7
HI,2016-12-01,2.6
HI,2017-01-01,2.6
HI,2017-02-01,2.5
HI,2017-03-01,2.5
HI,2017-04-01,2.4
HI,2017-05-01,2.3
HI,2017-06-01,2.2
HI,2017-07-01,2.2
HI,2017-08-01,2.1
HI,2017-09-01,2.0
HI,2017-10-01,2.0
HI,2017-11-01,2.0
HI,2017-12-01,2.0
HI,2018-01-01,2.1
HI,2018-02-01,2.1
HI,2018-03-01,2.2
HI,2018-04-01,2.2
HI,2018-05-01,2.3
HI,2018-06-01,2.4
HI,2018-07-01,2.4
HI,2018-08-01,2.5
HI,2018-09-01,2.6
HI,2018-10-01,2.6
HI,2018-11-01,2.7
HI,2018-12-01,2.7
HI,2019-01-01,2.8
HI,2019-02-01,2.7
HI,2019-03-01,2.7
HI,2019-04-01,2.6
HI,2019-05-01,2.6
HI,2019-06-01,2.5
HI,2019-07-01,2.5
HI,2019-08-01,2.4
HI,2019-09-01,2.4
HI,2019-10-01,2.4
HI,2019-11-01,2.3
HI,2019-12-01,2.2
HI,2020-01-01,2.2
HI,2020-02-01,2.2
HI,2020-03-01,2.1
HI,2020-04-01,22.5
HI,2020-05-01,20.7
HI,2020-06-01,17.3
HI,2020-07-01,15.6
HI,2020-08-01,13.0
HI,2020-09-01,13.3
HI,2020-10-01,11.3
HI,2020-11-01,10.5
HI,2020-12-01,10.2
HI,2021-01-01,9.5
HI,2021-02-01,9.1
HI,2021-03-01,8.4
HI,2021-04-01,7.8
HI,2021-05-01,6.9
HI,2021-06-01,6.3
HI,2021-07-01,5.4
HI,2021-08-01,4.7
HI,2021-09-01,3.9
HI,2021-10-01,3.3
HI,2021-11-01,3.2
HI,2021-12-01,3.1
HI,2022-01-01,3.1
HI,2022-02-01,3.2
HI,2022-03-01,3.2
HI,2022-04-01,3.3
HI,2022-05-01,3.3
HI,2022-06-01,3.3
HI,2022-07-01,3.3
HI,2022-08-01,3.3
HI,2022-09-01,3.3
HI,2022-10-01,3.3
HI,2022-11-01,3.2
HI,2022-12-01,3.1
HI,2023-01-01,3.1
HI,2023-02-01,3.0
HI,2023-03-01,2.9
HI,2023-04-01,2.8
HI,2023-05-01,2.8
HI,2023-06-01,2.8
HI,2023-07-01,2.8
HI,2023-08-01,2.8
HI,2023-09-01,2.8
HI,2023-10-01,2.8
HI,2023-11-01,2.9
HI,2023-12-01,2.9
HI,2024-01-01,2.8
HI,2024-02-01,2.8
HI,2024-03-01,2.8
HI,2024-04-01,2.8
HI,2024-05-01,2.8
HI,2024-06-01,2.8
HI,2024-07-01,2.8
HI,2024-08-01,2.8
HI,2024-09-01,2.8
HI,2024-10-01,2.7
HI,2024-11-01,2.7
HI,2024-12-01,2.6
HI,2025-01-01,2.6
HI,2025-02-01,2.6
HI,2025-03-01,2.5
HI,2025-04-01,2.5
HI,2025-05-01,2.4
HI,2025-06-01,2.3
HI,2025-07-01,2.2
HI,2025-08-01,2.1
HI,2025-09-01,2.1
HI,2025-10-01,
HI,2025-11-01,2.2
HI,2025-12-01,2.2
HI,2026-01-01,2.2
HI,2026-02-01,2.3
HI,2026-03-01,2.4
HI,2026-04-01,2.4
HI,2026-05-01,2.5
HI,2026-06-01,2.6
ID,2015-01-01,3.9
ID,2015-02-01,3.9
ID,2015-03-01,3.9
ID,2015-04-01,3.9
ID,2015-05-01,4.0
ID,2015-06-01,4.0
ID,2015-07-01,3.9
ID,2015-08-01,3.9
ID,2015-09-01,3.9
ID,2015-10-01,3.9
ID,2015-11-01,3.9
ID,2015-12-01,3.8
ID,2016-01-01,3.8
ID,2016-02-01,3.8
ID,2016-03-01,3.8
ID,2016-04-01,3.8
ID,2016-05-01,3.7
ID,2016-06-01,3.7
ID,2016-07-01,3.7
ID,2016-08-01,3.7
ID,2016-09-01,3.7
ID,2016-10-01,3.7
ID,2016-11-01,3.6
ID,2016-12-01,3.5
ID,2017-01-01,3.5
ID,2017-02-01,3.4
ID,2017-03-01,3.3
ID,2017-04-01,3.2
ID,2017-05-01,3.1
ID,2017-06-01,3.1
ID,2017-07-01,3.1
ID,2017-08-01,3.1
ID,2017-09-01,3.1
ID,2017-10-01,3.1
ID,2017-11-01,3.1
ID,2017-12-01,3.1
ID,2018-01-01,3.0
ID,2018-02-01,2.9
ID,2018-03-01,2.9
ID,2018-04-01,2.8
ID,2018-05-01,2.8
ID,2018-06-01,2.8
ID,2018-07-01,2.8
ID,2018-08-01,2.8
ID,2018-09-01,2.8
ID,2018-10-01,2.9
ID,2018-11-01,3.0
ID,2018-12-01,3.0
ID,2019-01-01,3.0
ID,2019-02-01,3.0
ID,2019-03-01,2.9
ID,2019-04-01,2.9
ID,2019-05-01,2.8
ID,2019-06-01,2.8
ID,2019-07-01,2.9
ID,2019-08-01,2.9
ID,2019-09-01,2.9
ID,2019-10-01,2.9
ID,2019-11-01,2.8
ID,2019-12-01,2.8
ID,2020-01-01,2.8
ID,2020-02-01,2.8
ID,2020-03-01,2.8
ID,2020-04-01,11.8
ID,2020-05-01,9.1
ID,2020-06-01,7.5
ID,2020-07-01,6.6
ID,2020-08-01,5.4
ID,2020-09-01,5.0
ID,2020-10-01,4.4
ID,2020-11-01,4.2
ID,2020-12-01,4.2
ID,2021-01-01,4.1
ID,2021-02-01,4.1
ID,2021-03-01,4.0
ID,2021-04-01,3.9
ID,2021-05-01,3.7
ID,2021-06-01,3.6
ID,2021-07-01,3.5
ID,2021-08-01,3.4
ID,2021-09-01,3.3
ID,2021-10-01,3.1
ID,2021-11-01,3.0
ID,2021-12-01,2.9
ID,2022-01-01,2.8
ID,2022-02-01,2.7
ID,2022-03-01,2.7
ID,2022-04-01,2.7
ID,2022-05-01,2.8
ID,2022-06-01,2.8
ID,2022-07-01,2.9
ID,2022-08-01,2.9
ID,2022-09-01,3.0
ID,2022-10-01,3.0
ID,2022-11-01,3.0
ID,2022-12-01,3.0
ID,2023-01-01,3.0
ID,2023-02-01,3.0
ID,2023-03-01,3.0
ID,2023-04-01,3.0
ID,2023-05-01,3.1
ID,2023-06-01,3.1
ID,2023-07-01,3.2
ID,2023-08-01,3.3
ID,2023-09-01,3.3
ID,2023-10-01,3.4
ID,2023-11-01,3.4
ID,2023-12-01,3.4
ID,2024-01-01,3.4
ID,2024-02-01,3.5
ID,2024-03-01,3.5
ID,2024-04-01,3.5
ID,2024-05-01,3.6
ID,2024-06-01,3.6
ID,2024-07-01,3.6
ID,2024-08-01,3.6
ID,2024-09-01,3.6
ID,2024-10-01,3.6
ID,2024-11-01,3.6
ID,2024-12-01,3.7
ID,2025-01-01,3.7
ID,2025-02-01,3.7
ID,2025-03-01,3.6
ID,2025-04-01,3.6
ID,2025-05-01,3.6
ID,2025-06-01,3.6
ID,2025-07-01,3.6
ID,2025-08-01,3.6
ID,2025-09-01,3.6
ID,2025-10-01,
ID,2025-11-01,3.6
ID,2025-12-01,3.6
ID,2026-01-01,3.7
ID,2026-02-01,3.7
ID,2026-03-01,3.6
ID,2026-04-01,3.6
ID,2026-05-01,3.7
ID,2026-06-01,3.7
IL,2015-01-01,6.1
IL,2015-02-01,6.1
IL,2015-03-01,6.0
IL,2015-04-01,6.0
IL,2015-05-01,6.0
IL,2015-06-01,6.0
IL,2015-07-01,5.9
IL,2015-08-01,5.9
IL,2015-09-01,5.9
IL,2015-10-01,5.9
IL,2015-11-01,6.0
IL,2015-12-01,6.1
IL,2016-01-01,6.2
IL,2016-02-01,6.2
IL,2016-03-01,6.2
IL,2016-04-01,6.1
IL,2016-05-01,6.0
IL,2016-06-01,5.9
IL,2016-07-01,5.8
IL,2016-08-01,5.8
IL,2016-09-01,5.7
IL,2016-10-01,5.7
IL,2016-11-01,5.6
IL,2016-12-01,5.4
IL,2017-01-01,5.3
IL,2017-02-01,5.1
IL,2017-03-01,5.0
IL,2017-04-01,5.0
IL,2017-05-01,4.9
IL,2017-06-01,4.9
IL,2017-07-01,5.0
IL,2017-08-01,5.0
IL,2017-09-01,4.9
IL,2017-10-01,4.9
IL,2017-11-01,4.8
IL,2017-12-01,4.7
IL,2018-01-01,4.5
IL,2018-02-01,4.4
IL,2018-03-01,4.4
IL,2018-04-01,4.3
IL,2018-05-01,4.3
IL,2018-06-01,4.3
IL,2018-07-01,4.3
IL,2018-08-01,4.3
IL,2018-09-01,4.4
IL,2018-10-01,4.4
IL,2018-11-01,4.5
IL,2018-12-01,4.6
IL,2019-01-01,4.6
IL,2019-02-01,4.5
IL,2019-03-01,4.4
IL,2019-04-01,4.2
IL,2019-05-01,4.0
IL,2019-06-01,3.9
IL,2019-07-01,3.8
IL,2019-08-01,3.7
IL,2019-09-01,3.7
IL,2019-10-01,3.7
IL,2019-11-01,3.6
IL,2019-12-01,3.6
IL,2020-01-01,3.7
IL,2020-02-01,3.8
IL,2020-03-01,5.1
IL,2020-04-01,18.3
IL,2020-05-01,14.7
IL,2020-06-01,12.6
IL,2020-07-01,11.4
IL,2020-08-01,9.7
IL,2020-09-01,9.1
IL,2020-10-01,8.2
IL,2020-11-01,7.8
IL,2020-12-01,7.6
IL,2021-01-01,7.2
IL,2021-02-01,7.0
IL,2021-03-01,6.8
IL,2021-04-01,6.7
IL,2021-05-01,6.6
IL,2021-06-01,6.4
IL,2021-07-01,6.2
IL,2021-08-01,5.9
IL,2021-09-01,5.5
IL,2021-10-01,5.2
IL,2021-11-01,4.9
IL,2021-12-01,4.8
IL,2022-01-01,4.7
IL,2022-02-01,4.7
IL,2022-03-01,4.6
IL,2022-04-01,4.6
IL,2022-05-01,4.6
IL,2022-06-01,4.5
IL,2022-07-01,4.5
IL,2022-08-01,4.5
IL,2022-09-01,4.5
IL,2022-10-01,4.6
IL,2022-11-01,4.5
IL,2022-12-01,4.5
IL,2023-01-01,4.4
IL,2023-02-01,4.3
IL,2023-03-01,4.2
IL,2023-04-01,4.2
IL,2023-05-01,4.2
IL,2023-06-01,4.3
IL,2023-07-01,4.4
IL,2023-08-01,4.6
IL,2023-09-01,4.7
IL,2023-10-01,4.8
IL,2023-11-01,4.8
IL,2023-12-01,4.8
IL,2024-01-01,4.9
IL,2024-02-01,4.9
IL,2024-03-01,5.0
IL,2024-04-01,5.1
IL,2024-05-01,5.1
IL,2024-06-01,5.1
IL,2024-07-01,5.1
IL,2024-08-01,5.1
IL,2024-09-01,5.0
IL,2024-10-01,4.9
IL,2024-11-01,4.8
IL,2024-12-01,4.8
IL,2025-01-01,4.7
IL,2025-02-01,4.7
IL,2025-03-01,4.6
IL,2025-04-01,4.5
IL,2025-05-01,4.4
IL,2025-06-01,4.3
IL,2025-07-01,4.3
IL,2025-08-01,4.3
IL,2025-09-01,4.5
IL,2025-10-01,
IL,2025-11-01,4.7
IL,2025-12-01,4.7
IL,2026-01-01,4.9
IL,2026-02-01,5.0
IL,2026-03-01,5.1
IL,2026-04-01,5.1
IL,2026-05-01,5.1
IL,2026-06-01,5.1
IN,2015-01-01,5.4
IN,2015-02-01,5.2
IN,2015-03-01,5.1
IN,2015-04-01,5.0
IN,2015-05-01,4.8
IN,2015-06-01,4.7
IN,2015-07-01,4.6
IN,2015-08-01,4.6
IN,2015-09-01,4.5
IN,2015-10-01,4.5
IN,2015-11-01,4.6
IN,2015-12-01,4.6
IN,2016-01-01,4.6
IN,2016-02-01,4.7
IN,2016-03-01,4.6
IN,2016-04-01,4.6
IN,2016-05-01,4.5
IN,2016-06-01,4.5
IN,2016-07-01,4.4
IN,2016-08-01,4.3
IN,2016-09-01,4.2
IN,2016-10-01,4.2
IN,2016-11-01,4.1
IN,2016-12-01,4.0
IN,2017-01-01,3.9
IN,2017-02-01,3.7
IN,2017-03-01,3.6
IN,2017-04-01,3.5
IN,2017-05-01,3.4
IN,2017-06-01,3.5
IN,2017-07-01,3.5
IN,2017-08-01,3.5
IN,2017-09-01,3.5
IN,2017-10-01,3.5
IN,2017-11-01,3.4
IN,2017-12-01,3.3
IN,2018-01-01,3.3
IN,2018-02-01,3.3
IN,2018-03-01,3.3
IN,2018-04-01,3.4
IN,2018-05-01,3.4
IN,2018-06-01,3.4
IN,2018-07-01,3.4
IN,2018-08-01,3.5
IN,2018-09-01,3.5
IN,2018-10-01,3.5
IN,2018-11-01,3.6
IN,2018-12-01,3.6
IN,2019-01-01,3.5
IN,2019-02-01,3.5
IN,2019-03-01,3.4
IN,2019-04-01,3.3
IN,2019-05-01,3.2
IN,2019-06-01,3.2
IN,2019-07-01,3.2
IN,2019-08-01,3.3
IN,2019-09-01,3.3
IN,2019-10-01,3.3
IN,2019-11-01,3.3
IN,2019-12-01,3.3
IN,2020-01-01,3.4
IN,2020-02-01,3.5
IN,2020-03-01,3.6
IN,2020-04-01,16.9
IN,2020-05-01,12.5
IN,2020-06-01,10.3
IN,2020-07-01,8.9
IN,2020-08-01,7.2
IN,2020-09-01,6.5
IN,2020-10-01,5.6
IN,2020-11-01,5.2
IN,2020-12-01,5.0
IN,2021-01-01,4.7
IN,2021-02-01,4.6
IN,2021-03-01,4.5
IN,2021-04-01,4.4
IN,2021-05-01,4.2
IN,2021-06-01,4.1
IN,2021-07-01,3.9
IN,2021-08-01,3.7
IN,2021-09-01,3.5
IN,2021-10-01,3.3
IN,2021-11-01,3.1
IN,2021-12-01,3.0
IN,2022-01-01,3.0
IN,2022-02-01,2.9
IN,2022-03-01,2.9
IN,2022-04-01,3.0
IN,2022-05-01,3.0
IN,2022-06-01,3.0
IN,2022-07-01,3.1
IN,2022-08-01,3.1
IN,2022-09-01,3.1
IN,2022-10-01,3.2
IN,2022-11-01,3.2
IN,2022-12-01,3.3
IN,2023-01-01,3.3
IN,2023-02-01,3.3
IN,2023-03-01,3.3
IN,2023-04-01,3.3
IN,2023-05-01,3.3
IN,2023-06-01,3.4
IN,2023-07-01,3.4
IN,2023-08-01,3.4
IN,2023-09-01,3.5
IN,2023-10-01,3.5
IN,2023-11-01,3.6
IN,2023-12-01,3.7
IN,2024-01-01,3.7
IN,2024-02-01,3.8
IN,2024-03-01,3.9
IN,2024-04-01,4.0
IN,2024-05-01,4.1
IN,2024-06-01,4.1
IN,2024-07-01,4.1
IN,2024-08-01,4.2
IN,2024-09-01,4.2
IN,2024-10-01,4.1
IN,2024-11-01,4.1
IN,2024-12-01,4.0
IN,2025-01-01,3.9
IN,2025-02-01,3.8
IN,2025-03-01,3.7
IN,2025-04-01,3.7
IN,2025-05-01,3.7
IN,2025-06-01,3.7
IN,2025-07-01,3.7
IN,2025-08-01,3.7
IN,2025-09-01,3.7
IN,2025-10-01,
IN,2025-11-01,3.5
IN,2025-12-01,3.5
IN,2026-01-01,3.4
IN,2026-02-01,3.3
IN,2026-03-01,3.3
IN,2026-04-01,3.3
IN,2026-05-01,3.3
IN,2026-06-01,3.3
IA,2015-01-01,3.9
IA,2015-02-01,3.8
IA,2015-03-01,3.8
IA,2015-04-01,3.8
IA,2015-05-01,3.7
IA,2015-06-01,3.7
IA,2015-07-01,3.7
IA,2015-08-01,3.6
IA,2015-09-01,3.6
IA,2015-10-01,3.6
IA,2015-11-01,3.7
IA,2015-12-01,3.7
IA,2016-01-01,3.6
IA,2016-02-01,3.6
IA,2016-03-01,3.6
IA,2016-04-01,3.6
IA,2016-05-01,3.6
IA,2016-06-01,3.7
IA,2016-07-01,3.7
IA,2016-08-01,3.7
IA,2016-09-01,3.6
IA,2016-10-01,3.6
IA,2016-11-01,3.5
IA,2016-12-01,3.4
IA,2017-01-01,3.3
IA,2017-02-01,3.3
IA,2017-03-01,3.2
IA,2017-04-01,3.1
IA,2017-05-01,3.1
IA,2017-06-01,3.1
IA,2017-07-01,3.1
IA,2017-08-01,3.1
IA,2017-09-01,3.0
IA,2017-10-01,3.0
IA,2017-11-01,2.9
IA,2017-12-01,2.9
IA,2018-01-01,2.8
IA,2018-02-01,2.7
IA,2018-03-01,2.7
IA,2018-04-01,2.6
IA,2018-05-01,2.5
IA,2018-06-01,2.5
IA,2018-07-01,2.5
IA,2018-08-01,2.5
IA,2018-09-01,2.5
IA,2018-10-01,2.5
IA,2018-11-01,2.6
IA,2018-12-01,2.6
IA,2019-01-01,2.6
IA,2019-02-01,2.6
IA,2019-03-01,2.6
IA,2019-04-01,2.6
IA,2019-05-01,2.6
IA,2019-06-01,2.7
IA,2019-07-01,2.7
IA,2019-08-01,2.7
IA,2019-09-01,2.7
IA,2019-10-01,2.7
IA,2019-11-01,2.7
IA,2019-12-01,2.7
IA,2020-01-01,2.7
IA,2020-02-01,2.7
IA,2020-03-01,2.7
IA,2020-04-01,11.0
IA,2020-05-01,8.5
IA,2020-06-01,6.8
IA,2020-07-01,6.0
IA,2020-08-01,5.0
IA,2020-09-01,4.6
IA,2020-10-01,4.2
IA,2020-11-01,4.2
IA,2020-12-01,4.2
IA,2021-01-01,4.1
IA,2021-02-01,4.2
IA,2021-03-01,4.3
IA,2021-04-01,4.4
IA,2021-05-01,4.4
IA,2021-06-01,4.3
IA,2021-07-01,4.1
IA,2021-08-01,3.9
IA,2021-09-01,3.6
IA,2021-10-01,3.3
IA,2021-11-01,3.1
IA,2021-12-01,2.9
IA,2022-01-01,2.8
IA,2022-02-01,2.7
IA,2022-03-01,2.6
IA,2022-04-01,2.6
IA,2022-05-01,2.6
IA,2022-06-01,2.7
IA,2022-07-01,2.8
IA,2022-08-01,3.0
IA,2022-09-01,3.1
IA,2022-10-01,3.1
IA,2022-11-01,3.1
IA,2022-12-01,3.1
IA,2023-01-01,3.0
IA,2023-02-01,3.0
IA,2023-03-01,2.9
IA,2023-04-01,2.9
IA,2023-05-01,2.9
IA,2023-06-01,3.0
IA,2023-07-01,3.0
IA,2023-08-01,3.0
IA,2023-09-01,3.0
IA,2023-10-01,3.0
IA,2023-11-01,2.9
IA,2023-12-01,2.9
IA,2024-01-01,2.8
IA,2024-02-01,2.8
IA,2024-03-01,2.8
IA,2024-04-01,2.9
IA,2024-05-01,3.0
IA,2024-06-01,3.1
IA,2024-07-01,3.2
IA,2024-08-01,3.3
IA,2024-09-01,3.4
IA,2024-10-01,3.4
IA,2024-11-01,3.5
IA,2024-12-01,3.5
IA,2025-01-01,3.5
IA,2025-02-01,3.5
IA,2025-03-01,3.6
IA,2025-04-01,3.6
IA,2025-05-01,3.6
IA,2025-06-01,3.5
IA,2025-07-01,3.5
IA,2025-08-01,3.5
IA,2025-09-01,3.4
IA,2025-10-01,
IA,2025-11-01,3.4
IA,2025-12-01,3.4
IA,2026-01-01,3.4
IA,2026-02-01,3.4
IA,2026-03-01,3.3
IA,2026-04-01,3.3
IA,2026-05-01,3.2
IA,2026-06-01,3.2
KS,2015-01-01,4.3
KS,2015-02-01,4.4
KS,2015-03-01,4.4
KS,2015-04-01,4.4
KS,2015-05-01,4.3
KS,2015-06-01,4.2
KS,2015-07-01,4.1
KS,2015-08-01,4.0
KS,2015-09-01,4.0
KS,2015-10-01,4.0
KS,2015-11-01,4.0
KS,2015-12-01,4.0
KS,2016-01-01,3.9
KS,2016-02-01,3.9
KS,2016-03-01,3.9
KS,2016-04-01,4.0
KS,2016-05-01,4.0
KS,2016-06-01,4.1
KS,2016-07-01,4.1
KS,2016-08-01,4.2
KS,2016-09-01,4.2
KS,2016-10-01,4.2
KS,2016-11-01,4.1
KS,2016-12-01,4.0
KS,2017-01-01,3.9
KS,2017-02-01,3.8
KS,2017-03-01,3.7
KS,2017-04-01,3.7
KS,2017-05-01,3.7
KS,2017-06-01,3.6
KS,2017-07-01,3.6
KS,2017-08-01,3.6
KS,2017-09-01,3.6
KS,2017-10-01,3.5
KS,2017-11-01,3.5
KS,2017-12-01,3.5
KS,2018-01-01,3.4
KS,2018-02-01,3.4
KS,2018-03-01,3.4
KS,2018-04-01,3.4
KS,2018-05-01,3.3
KS,2018-06-01,3.3
KS,2018-07-01,3.2
KS,2018-08-01,3.2
KS,2018-09-01,3.2
KS,2018-10-01,3.3
KS,2018-11-01,3.3
KS,2018-12-01,3.3
KS,2019-01-01,3.3
KS,2019-02-01,3.3
KS,2019-03-01,3.2
KS,2019-04-01,3.2
KS,2019-05-01,3.1
KS,2019-06-01,3.1
KS,2019-07-01,3.1
KS,2019-08-01,3.1
KS,2019-09-01,3.1
KS,2019-10-01,3.1
KS,2019-11-01,3.1
KS,2019-12-01,3.1
KS,2020-01-01,3.1
KS,2020-02-01,3.1
KS,2020-03-01,3.1
KS,2020-04-01,12.1
KS,2020-05-01,9.2
KS,2020-06-01,7.5
KS,2020-07-01,6.7
KS,2020-08-01,5.8
KS,2020-09-01,5.4
KS,2020-10-01,4.9
KS,2020-11-01,4.6
KS,2020-12-01,4.4
KS,2021-01-01,4.1
KS,2021-02-01,3.9
KS,2021-03-01,3.8
KS,2021-04-01,3.7
KS,2021-05-01,3.7
KS,2021-06-01,3.7
KS,2021-07-01,3.5
KS,2021-08-01,3.4
KS,2021-09-01,3.1
KS,2021-10-01,2.9
KS,2021-11-01,2.8
KS,2021-12-01,2.6
KS,2022-01-01,2.6
KS,2022-02-01,2.6
KS,2022-03-01,2.6
KS,2022-04-01,2.6
KS,2022-05-01,2.7
KS,2022-06-01,2.7
KS,2022-07-01,2.8
KS,2022-08-01,2.9
KS,2022-09-01,2.9
KS,2022-10-01,3.0
KS,2022-11-01,3.0
KS,2022-12-01,3.0
KS,2023-01-01,3.0
KS,2023-02-01,3.0
KS,2023-03-01,2.9
KS,2023-04-01,2.9
KS,2023-05-01,2.8
KS,2023-06-01,2.8
KS,2023-07-01,2.8
KS,2023-08-01,2.8
KS,2023-09-01,2.9
KS,2023-10-01,2.9
KS,2023-11-01,2.9
KS,2023-12-01,3.0
KS,2024-01-01,3.1
KS,2024-02-01,3.1
KS,2024-03-01,3.3
KS,2024-04-01,3.4
KS,2024-05-01,3.5
KS,2024-06-01,3.6
KS,2024-07-01,3.6
KS,2024-08-01,3.7
KS,2024-09-01,3.7
KS,2024-10-01,3.7
KS,2024-11-01,3.7
KS,2024-12-01,3.8
KS,2025-01-01,3.8
KS,2025-02-01,3.8
KS,2025-03-01,3.8
KS,2025-04-01,3.8
KS,2025-05-01,3.8
KS,2025-06-01,3.7
KS,2025-07-01,3.7
KS,2025-08-01,3.7
KS,2025-09-01,3.8
KS,2025-10-01,
KS,2025-11-01,3.8
KS,2025-12-01,3.8
KS,2026-01-01,3.9
KS,2026-02-01,3.9
KS,2026-03-01,3.9
KS,2026-04-01,3.9
KS,2026-05-01,3.8
KS,2026-06-01,3.8
KY,2015-01-01,5.4
KY,2015-02-01,5.3
KY,2015-03-01,5.3
KY,2015-04-01,5.3
KY,2015-05-01,5.3
KY,2015-06-01,5.2
KY,2015-07-01,5.2
KY,2015-08-01,5.2
KY,2015-09-01,5.2
KY,2015-10-01,5.2
KY,2015-11-01,5.2
KY,2015-12-01,5.2
KY,2016-01-01,5.2
KY,2016-02-01,5.2
KY,2016-03-01,5.1
KY,2016-04-01,5.0
KY,2016-05-01,5.0
KY,2016-06-01,5.0
KY,2016-07-01,5.0
KY,2016-08-01,5.0
KY,2016-09-01,5.1
KY,2016-10-01,5.1
KY,2016-11-01,5.1
KY,2016-12-01,5.1
KY,2017-01-01,5.1
KY,2017-02-01,5.0
KY,2017-03-01,5.0
KY,2017-04-01,4.9
KY,2017-05-01,4.9
KY,2017-06-01,4.8
KY,2017-07-01,4.8
KY,2017-08-01,4.7
KY,2017-09-01,4.6
KY,2017-10-01,4.5
KY,2017-11-01,4.4
KY,2017-12-01,4.3
KY,2018-01-01,4.2
KY,2018-02-01,4.2
KY,2018-03-01,4.2
KY,2018-04-01,4.2
KY,2018-05-01,4.2
KY,2018-06-01,4.2
KY,2018-07-01,4.2
KY,2018-08-01,4.2
KY,2018-09-01,4.2
KY,2018-10-01,4.2
KY,2018-11-01,4.2
KY,2018-12-01,4.2
KY,2019-01-01,4.2
KY,2019-02-01,4.2
KY,2019-03-01,4.1
KY,2019-04-01,4.1
KY,2019-05-01,4.1
KY,2019-06-01,4.1
KY,2019-07-01,4.1
KY,2019-08-01,4.1
KY,2019-09-01,4.0
KY,2019-10-01,4.0
KY,2019-11-01,4.0
KY,2019-12-01,4.0
KY,2020-01-01,4.1
KY,2020-02-01,4.1
KY,2020-03-01,4.1
KY,2020-04-01,16.7
KY,2020-05-01,12.8
KY,2020-06-01,5.3
KY,2020-07-01,5.8
KY,2020-08-01,5.2
KY,2020-09-01,5.0
KY,2020-10-01,4.8
KY,2020-11-01,4.8
KY,2020-12-01,4.7
KY,2021-01-01,4.6
KY,2021-02-01,4.6
KY,2021-03-01,4.6
KY,2021-04-01,4.6
KY,2021-05-01,4.5
KY,2021-06-01,4.6
KY,2021-07-01,4.5
KY,2021-08-01,4.5
KY,2021-09-01,4.4
KY,2021-10-01,4.3
KY,2021-11-01,4.2
KY,2021-12-01,4.1
KY,2022-01-01,4.0
KY,2022-02-01,4.0
KY,2022-03-01,4.0
KY,2022-04-01,4.0
KY,2022-05-01,4.0
KY,2022-06-01,4.0
KY,2022-07-01,4.0
KY,2022-08-01,4.1
KY,2022-09-01,4.1
KY,2022-10-01,4.1
KY,2022-11-01,4.1
KY,2022-12-01,4.1
KY,2023-01-01,4.1
KY,2023-02-01,4.1
KY,2023-03-01,4.1
KY,2023-04-01,4.1
KY,2023-05-01,4.1
KY,2023-06-01,4.2
KY,2023-07-01,4.2
KY,2023-08-01,4.3
KY,2023-09-01,4.4
KY,2023-10-01,4.4
KY,2023-11-01,4.5
KY,2023-12-01,4.5
KY,2024-01-01,4.6
KY,2024-02-01,4.6
KY,2024-03-01,4.7
KY,2024-04-01,4.8
KY,2024-05-01,4.8
KY,2024-06-01,4.9
KY,2024-07-01,4.9
KY,2024-08-01,4.9
KY,2024-09-01,4.9
KY,2024-10-01,4.9
KY,2024-11-01,4.9
KY,2024-12-01,4.9
KY,2025-01-01,4.8
KY,2025-02-01,4.8
KY,2025-03-01,4.7
KY,2025-04-01,4.7
KY,2025-05-01,4.7
KY,2025-06-01,4.6
KY,2025-07-01,4.6
KY,2025-08-01,4.5
KY,2025-09-01,4.5
KY,2025-10-01,
KY,2025-11-01,4.4
KY,2025-12-01,4.4
KY,2026-01-01,4.3
KY,2026-02-01,4.2
KY,2026-03-01,4.2
KY,2026-04-01,4.3
KY,2026-05-01,4.5
KY,2026-06-01,4.7
LA,2015-01-01,6.7
LA,2015-02-01,6.7
LA,2015-03-01,6.6
LA,2015-04-01,6.5
LA,2015-05-01,6.4
LA,2015-06-01,6.2
LA,2015-07-01,6.1
LA,2015-08-01,6.0
LA,2015-09-01,6.0
LA,2015-10-01,6.0
LA,2015-11-01,6.0
LA,2015-12-01,6.0
LA,2016-01-01,6.0
LA,2016-02-01,6.0
LA,2016-03-01,6.0
LA,2016-04-01,6.1
LA,2016-05-01,6.1
LA,2016-06-01,6.1
LA,2016-07-01,6.1
LA,2016-08-01,6.1
LA,2016-09-01,6.1
LA,2016-10-01,6.0
LA,2016-11-01,6.0
LA,2016-12-01,5.9
LA,2017-01-01,5.8
LA,2017-02-01,5.7
LA,2017-03-01,5.5
LA,2017-04-01,5.4
LA,2017-05-01,5.2
LA,2017-06-01,5.1
LA,2017-07-01,5.0
LA,2017-08-01,4.9
LA,2017-09-01,4.8
LA,2017-10-01,4.7
LA,2017-11-01,4.7
LA,2017-12-01,4.7
LA,2018-01-01,4.7
LA,2018-02-01,4.7
LA,2018-03-01,4.8
LA,2018-04-01,4.9
LA,2018-05-01,4.9
LA,2018-06-01,4.9
LA,2018-07-01,4.9
LA,2018-08-01,4.9
LA,2018-09-01,4.8
LA,2018-10-01,4.8
LA,2018-11-01,4.8
LA,2018-12-01,4.8
LA,2019-01-01,4.7
LA,2019-02-01,4.6
LA,2019-03-01,4.5
LA,2019-04-01,4.4
LA,2019-05-01,4.4
LA,2019-06-01,4.5
LA,2019-07-01,4.6
LA,2019-08-01,4.7
LA,2019-09-01,4.8
LA,2019-10-01,4.8
LA,2019-11-01,4.8
LA,2019-12-01,4.8
LA,2020-01-01,4.7
LA,2020-02-01,4.7
LA,2020-03-01,6.7
LA,2020-04-01,13.5
LA,2020-05-01,12.3
LA,2020-06-01,11.0
LA,2020-07-01,10.4
LA,2020-08-01,9.2
LA,2020-09-01,8.7
LA,2020-10-01,8.0
LA,2020-11-01,7.6
LA,2020-12-01,7.4
LA,2021-01-01,7.0
LA,2021-02-01,6.8
LA,2021-03-01,6.6
LA,2021-04-01,6.4
LA,2021-05-01,6.2
LA,2021-06-01,6.0
LA,2021-07-01,5.6
LA,2021-08-01,5.2
LA,2021-09-01,4.8
LA,2021-10-01,4.5
LA,2021-11-01,4.2
LA,2021-12-01,4.0
LA,2022-01-01,3.9
LA,2022-02-01,3.8
LA,2022-03-01,3.7
LA,2022-04-01,3.7
LA,2022-05-01,3.7
LA,2022-06-01,3.6
LA,2022-07-01,3.6
LA,2022-08-01,3.6
LA,2022-09-01,3.5
LA,2022-10-01,3.5
LA,2022-11-01,3.5
LA,2022-12-01,3.5
LA,2023-01-01,3.6
LA,2023-02-01,3.6
LA,2023-03-01,3.6
LA,2023-04-01,3.5
LA,2023-05-01,3.5
LA,2023-06-01,3.5
LA,2023-07-01,3.6
LA,2023-08-01,3.7
LA,2023-09-01,3.8
LA,2023-10-01,3.9
LA,2023-11-01,4.1
LA,2023-12-01,4.2
LA,2024-01-01,4.2
LA,2024-02-01,4.1
LA,2024-03-01,4.1
LA,2024-04-01,4.1
LA,2024-05-01,4.1
LA,2024-06-01,4.2
LA,2024-07-01,4.3
LA,2024-08-01,4.4
LA,2024-09-01,4.5
LA,2024-10-01,4.5
LA,2024-11-01,4.4
LA,2024-12-01,4.4
LA,2025-01-01,4.3
LA,2025-02-01,4.3
LA,2025-03-01,4.3
LA,2025-04-01,4.3
LA,2025-05-01,4.3
LA,2025-06-01,4.3
LA,2025-07-01,4.3
LA,2025-08-01,4.2
LA,2025-09-01,4.2
LA,2025-10-01,
LA,2025-11-01,4.2
LA,2025-12-01,4.2
LA,2026-01-01,4.3
LA,2026-02-01,4.3
LA,2026-03-01,4.4
LA,2026-04-01,4.4
LA,2026-05-01,4.5
LA,2026-06-01,4.4
ME,2015-01-01,4.9
ME,2015-02-01,4.8
ME,2015-03-01,4.7
ME,2015-04-01,4.6
ME,2015-05-01,4.5
ME,2015-06-01,4.4
ME,2015-07-01,4.3
ME,2015-08-01,4.2
ME,2015-09-01,4.1
ME,2015-10-01,4.1
ME,2015-11-01,4.1
ME,2015-12-01,4.0
ME,2016-01-01,4.0
ME,2016-02-01,4.0
ME,2016-03-01,3.9
ME,2016-04-01,3.9
ME,2016-05-01,3.8
ME,2016-06-01,3.8
ME,2016-07-01,3.8
ME,2016-08-01,3.7
ME,2016-09-01,3.7
ME,2016-10-01,3.7
ME,2016-11-01,3.6
ME,2016-12-01,3.6
ME,2017-01-01,3.5
ME,2017-02-01,3.5
ME,2017-03-01,3.5
ME,2017-04-01,3.4
ME,2017-05-01,3.4
ME,2017-06-01,3.4
ME,2017-07-01,3.4
ME,2017-08-01,3.4
ME,2017-09-01,3.4
ME,2017-10-01,3.3
ME,2017-11-01,3.2
ME,2017-12-01,3.1
ME,2018-01-01,3.1
ME,2018-02-01,3.0
ME,2018-03-01,3.0
ME,2018-04-01,3.0
ME,2018-05-01,3.1
ME,2018-06-01,3.2
ME,2018-07-01,3.3
ME,2018-08-01,3.3
ME,2018-09-01,3.3
ME,2018-10-01,3.3
ME,2018-11-01,3.3
ME,2018-12-01,3.2
ME,2019-01-01,3.1
ME,2019-02-01,3.0
ME,2019-03-01,2.9
ME,2019-04-01,2.8
ME,2019-05-01,2.7
ME,2019-06-01,2.7
ME,2019-07-01,2.8
ME,2019-08-01,2.8
ME,2019-09-01,2.9
ME,2019-10-01,3.0
ME,2019-11-01,3.0
ME,2019-12-01,3.1
ME,2020-01-01,3.2
ME,2020-02-01,3.2
ME,2020-03-01,3.2
ME,2020-04-01,9.3
ME,2020-05-01,9.5
ME,2020-06-01,6.6
ME,2020-07-01,6.3
ME,2020-08-01,4.2
ME,2020-09-01,4.0
ME,2020-10-01,3.8
ME,2020-11-01,3.9
ME,2020-12-01,4.2
ME,2021-01-01,4.5
ME,2021-02-01,4.8
ME,2021-03-01,4.9
ME,2021-04-01,5.1
ME,2021-05-01,5.0
ME,2021-06-01,5.0
ME,2021-07-01,4.8
ME,2021-08-01,4.7
ME,2021-09-01,4.5
ME,2021-10-01,4.3
ME,2021-11-01,4.0
ME,2021-12-01,3.8
ME,2022-01-01,3.6
ME,2022-02-01,3.3
ME,2022-03-01,3.0
ME,2022-04-01,2.9
ME,2022-05-01,2.8
ME,2022-06-01,2.7
ME,2022-07-01,2.6
ME,2022-08-01,2.5
ME,2022-09-01,2.6
ME,2022-10-01,2.7
ME,2022-11-01,2.7
ME,2022-12-01,2.6
ME,2023-01-01,2.6
ME,2023-02-01,2.5
ME,2023-03-01,2.5
ME,2023-04-01,2.5
ME,2023-05-01,2.5
ME,2023-06-01,2.6
ME,2023-07-01,2.6
ME,2023-08-01,2.7
ME,2023-09-01,2.7
ME,2023-10-01,2.8
ME,2023-11-01,2.8
ME,2023-12-01,2.8
ME,2024-01-01,2.8
ME,2024-02-01,2.8
ME,2024-03-01,2.8
ME,2024-04-01,2.8
ME,2024-05-01,2.9
ME,2024-06-01,2.9
ME,2024-07-01,3.0
ME,2024-08-01,3.1
ME,2024-09-01,3.1
ME,2024-10-01,3.2
ME,2024-11-01,3.2
ME,2024-12-01,3.3
ME,2025-01-01,3.3
ME,2025-02-01,3.3
ME,2025-03-01,3.3
ME,2025-04-01,3.3
ME,2025-05-01,3.3
ME,2025-06-01,3.3
ME,2025-07-01,3.3
ME,2025-08-01,3.3
ME,2025-09-01,3.3
ME,2025-10-01,
ME,2025-11-01,3.3
ME,2025-12-01,3.3
ME,2026-01-01,3.3
ME,2026-02-01,3.2
ME,2026-03-01,3.2
ME,2026-04-01,3.1
ME,2026-05-01,3.1
ME,2026-06-01,3.1
MD,2015-01-01,5.4
MD,2015-02-01,5.3
MD,2015-03-01,5.3
MD,2015-04-01,5.2
MD,2015-05-01,5.1
MD,2015-06-01,5.1
MD,2015-07-01,5.0
MD,2015-08-01,5.0
MD,2015-09-01,4.9
MD,2015-10-01,4.8
MD,2015-11-01,4.7
MD,2015-12-01,4.6
MD,2016-01-01,4.5
MD,2016-02-01,4.4
MD,2016-03-01,4.3
MD,2016-04-01,4.2
MD,2016-05-01,4.2
MD,2016-06-01,4.2
MD,2016-07-01,4.2
MD,2016-08-01,4.2
MD,2016-09-01,4.2
MD,2016-10-01,4.2
MD,2016-11-01,4.2
MD,2016-12-01,4.2
MD,2017-01-01,4.2
MD,2017-02-01,4.1
MD,2017-03-01,4.1
MD,2017-04-01,4.0
MD,2017-05-01,4.0
MD,2017-06-01,4.0
MD,2017-07-01,4.0
MD,2017-08-01,4.0
MD,2017-09-01,4.1
MD,2017-10-01,4.1
MD,2017-11-01,4.1
MD,2017-12-01,4.1
MD,2018-01-01,4.1
MD,2018-02-01,4.0
MD,2018-03-01,4.0
MD,2018-04-01,3.9
MD,2018-05-01,3.8
MD,2018-06-01,3.8
MD,2018-07-01,3.7
MD,2018-08-01,3.7
MD,2018-09-01,3.7
MD,2018-10-01,3.7
MD,2018-11-01,3.7
MD,2018-12-01,3.6
MD,2019-01-01,3.6
MD,2019-02-01,3.5
MD,2019-03-01,3.5
MD,2019-04-01,3.4
MD,2019-05-01,3.4
MD,2019-06-01,3.4
MD,2019-07-01,3.4
MD,2019-08-01,3.4
MD,2019-09-01,3.3
MD,2019-10-01,3.3
MD,2019-11-01,3.2
MD,2019-12-01,3.2
MD,2020-01-01,3.3
MD,2020-02-01,3.4
MD,2020-03-01,3.5
MD,2020-04-01,9.0
MD,2020-05-01,8.8
MD,2020-06-01,8.1
MD,2020-07-01,7.9
MD,2020-08-01,7.2
MD,2020-09-01,7.1
MD,2020-10-01,6.7
MD,2020-11-01,6.6
MD,2020-12-01,6.6
MD,2021-01-01,6.4
MD,2021-02-01,6.2
MD,2021-03-01,6.1
MD,2021-04-01,5.9
MD,2021-05-01,5.7
MD,2021-06-01,5.6
MD,2021-07-01,5.3
MD,2021-08-01,5.0
MD,2021-09-01,4.6
MD,2021-10-01,4.2
MD,2021-11-01,3.9
MD,2021-12-01,3.5
MD,2022-01-01,3.5
MD,2022-02-01,3.3
MD,2022-03-01,3.2
MD,2022-04-01,3.1
MD,2022-05-01,3.1
MD,2022-06-01,3.1
MD,2022-07-01,3.0
MD,2022-08-01,3.0
MD,2022-09-01,2.8
MD,2022-10-01,2.8
MD,2022-11-01,2.6
MD,2022-12-01,2.5
MD,2023-01-01,2.3
MD,2023-02-01,2.2
MD,2023-03-01,2.1
MD,2023-04-01,1.9
MD,2023-05-01,1.9
MD,2023-06-01,1.9
MD,2023-07-01,2.0
MD,2023-08-01,2.2
MD,2023-09-01,2.3
MD,2023-10-01,2.5
MD,2023-11-01,2.6
MD,2023-12-01,2.7
MD,2024-01-01,2.8
MD,2024-02-01,2.9
MD,2024-03-01,3.0
MD,2024-04-01,3.0
MD,2024-05-01,3.1
MD,2024-06-01,3.2
MD,2024-07-01,3.3
MD,2024-08-01,3.3
MD,2024-09-01,3.3
MD,2024-10-01,3.3
MD,2024-11-01,3.4
MD,2024-12-01,3.4
MD,2025-01-01,3.5
MD,2025-02-01,3.6
MD,2025-03-01,3.7
MD,2025-04-01,3.8
MD,2025-05-01,4.0
MD,2025-06-01,4.1
MD,2025-07-01,4.2
MD,2025-08-01,4.3
MD,2025-09-01,4.3
MD,2025-10-01,
MD,2025-11-01,4.3
MD,2025-12-01,4.2
MD,2026-01-01,4.3
MD,2026-02-01,4.3
MD,2026-03-01,4.3
MD,2026-04-01,4.4
MD,2026-05-01,4.4
MD,2026-06-01,4.3
MA,2015-01-01,5.2
MA,2015-02-01,5.1
MA,2015-03-01,5.0
MA,2015-04-01,5.0
MA,2015-05-01,4.9
MA,2015-06-01,4.8
MA,2015-07-01,4.7
MA,2015-08-01,4.7
MA,2015-09-01,4.6
MA,2015-10-01,4.6
MA,2015-11-01,4.5
MA,2015-12-01,4.5
MA,2016-01-01,4.4
MA,2016-02-01,4.3
MA,2016-03-01,4.2
MA,2016-04-01,4.1
MA,2016-05-01,4.1
MA,2016-06-01,4.0
MA,2016-07-01,3.9
MA,2016-08-01,3.9
MA,2016-09-01,3.8
MA,2016-10-01,3.8
MA,2016-11-01,3.8
MA,2016-12-01,3.9
MA,2017-01-01,3.9
MA,2017-02-01,3.9
MA,2017-03-01,3.9
MA,2017-04-01,3.9
MA,2017-05-01,3.9
MA,2017-06-01,3.8
MA,2017-07-01,3.8
MA,2017-08-01,3.8
MA,2017-09-01,3.8
MA,2017-10-01,3.8
MA,2017-11-01,3.8
MA,2017-12-01,3.7
MA,2018-01-01,3.7
MA,2018-02-01,3.6
MA,2018-03-01,3.6
MA,2018-04-01,3.6
MA,2018-05-01,3.5
MA,2018-06-01,3.5
MA,2018-07-01,3.4
MA,2018-08-01,3.4
MA,2018-09-01,3.3
MA,2018-10-01,3.3
MA,2018-11-01,3.3
MA,2018-12-01,3.3
MA,2019-01-01,3.2
MA,2019-02-01,3.2
MA,2019-03-01,3.1
MA,2019-04-01,3.1
MA,2019-05-01,3.0
MA,2019-06-01,3.0
MA,2019-07-01,3.0
MA,2019-08-01,3.0
MA,2019-09-01,3.0
MA,2019-10-01,3.0
MA,2019-11-01,3.0
MA,2019-12-01,3.0
MA,2020-01-01,3.0
MA,2020-02-01,3.1
MA,2020-03-01,3.1
MA,2020-04-01,17.8
MA,2020-05-01,14.3
MA,2020-06-01,14.7
MA,2020-07-01,12.5
MA,2020-08-01,10.4
MA,2020-09-01,9.6
MA,2020-10-01,8.4
MA,2020-11-01,7.8
MA,2020-12-01,7.4
MA,2021-01-01,6.8
MA,2021-02-01,6.4
MA,2021-03-01,6.1
MA,2021-04-01,5.9
MA,2021-05-01,5.6
MA,2021-06-01,5.5
MA,2021-07-01,5.3
MA,2021-08-01,5.0
MA,2021-09-01,4.7
MA,2021-10-01,4.4
MA,2021-11-01,4.2
MA,2021-12-01,3.9
MA,2022-01-01,3.8
MA,2022-02-01,3.7
MA,2022-03-01,3.6
MA,2022-04-01,3.6
MA,2022-05-01,3.6
MA,2022-06-01,3.6
MA,2022-07-01,3.6
MA,2022-08-01,3.7
MA,2022-09-01,3.6
MA,2022-10-01,3.7
MA,2022-11-01,3.6
MA,2022-12-01,3.6
MA,2023-01-01,3.5
MA,2023-02-01,3.5
MA,2023-03-01,3.4
MA,2023-04-01,3.3
MA,2023-05-01,3.4
MA,2023-06-01,3.3
MA,2023-07-01,3.4
MA,2023-08-01,3.4
MA,2023-09-01,3.5
MA,2023-10-01,3.6
MA,2023-11-01,3.6
MA,2023-12-01,3.7
MA,2024-01-01,3.7
MA,2024-02-01,3.8
MA,2024-03-01,3.8
MA,2024-04-01,3.9
MA,2024-05-01,4.0
MA,2024-06-01,4.0
MA,2024-07-01,4.1
MA,2024-08-01,4.1
MA,2024-09-01,4.1
MA,2024-10-01,4.1
MA,2024-11-01,4.1
MA,2024-12-01,4.1
MA,2025-01-01,4.2
MA,2025-02-01,4.3
MA,2025-03-01,4.3
MA,2025-04-01,4.4
MA,2025-05-01,4.4
MA,2025-06-01,4.4
MA,2025-07-01,4.5
MA,2025-08-01,4.5
MA,2025-09-01,4.6
MA,2025-10-01,
MA,2025-11-01,4.7
MA,2025-12-01,4.7
MA,2026-01-01,4.7
MA,2026-02-01,4.8
MA,2026-03-01,4.7
MA,2026-04-01,4.7
MA,2026-05-01,4.5
MA,2026-06-01,4.4
MI,2015-01-01,6.0
MI,2015-02-01,5.9
MI,2015-03-01,5.8
MI,2015-04-01,5.7
MI,2015-05-01,5.6
MI,2015-06-01,5.5
MI,2015-07-01,5.4
MI,2015-08-01,5.2
MI,2015-09-01,5.1
MI,2015-10-01,5.0
MI,2015-11-01,4.9
MI,2015-12-01,4.9
MI,2016-01-01,4.9
MI,2016-02-01,4.9
MI,2016-03-01,4.9
MI,2016-04-01,5.0
MI,2016-05-01,5.0
MI,2016-06-01,5.0
MI,2016-07-01,5.0
MI,2016-08-01,5.0
MI,2016-09-01,5.0
MI,2016-10-01,5.1
MI,2016-11-01,5.1
MI,2016-12-01,5.0
MI,2017-01-01,4.9
MI,2017-02-01,4.7
MI,2017-03-01,4.5
MI,2017-04-01,4.4
MI,2017-05-01,4.3
MI,2017-06-01,4.4
MI,2017-07-01,4.5
MI,2017-08-01,4.6
MI,2017-09-01,4.7
MI,2017-10-01,4.7
MI,2017-11-01,4.7
MI,2017-12-01,4.6
MI,2018-01-01,4.5
MI,2018-02-01,4.4
MI,2018-03-01,4.3
MI,2018-04-01,4.2
MI,2018-05-01,4.1
MI,2018-06-01,4.0
MI,2018-07-01,4.0
MI,2018-08-01,4.0
MI,2018-09-01,4.0
MI,2018-10-01,4.1
MI,2018-11-01,4.2
MI,2018-12-01,4.2
MI,2019-01-01,4.2
MI,2019-02-01,4.2
MI,2019-03-01,4.2
MI,2019-04-01,4.2
MI,2019-05-01,4.2
MI,2019-06-01,4.2
MI,2019-07-01,4.1
MI,2019-08-01,4.1
MI,2019-09-01,4.0
MI,2019-10-01,3.9
MI,2019-11-01,3.8
MI,2019-12-01,3.8
MI,2020-01-01,3.8
MI,2020-02-01,3.8
MI,2020-03-01,3.7
MI,2020-04-01,22.7
MI,2020-05-01,19.3
MI,2020-06-01,14.5
MI,2020-07-01,12.5
MI,2020-08-01,10.0
MI,2020-09-01,8.9
MI,2020-10-01,7.7
MI,2020-11-01,7.1
MI,2020-12-01,6.9
MI,2021-01-01,6.5
MI,2021-02-01,6.3
MI,2021-03-01,6.1
MI,2021-04-01,6.1
MI,2021-05-01,6.1
MI,2021-06-01,6.1
MI,2021-07-01,5.9
MI,2021-08-01,5.7
MI,2021-09-01,5.3
MI,2021-10-01,5.0
MI,2021-11-01,4.7
MI,2021-12-01,4.5
MI,2022-01-01,4.4
MI,2022-02-01,4.4
MI,2022-03-01,4.3
MI,2022-04-01,4.2
MI,2022-05-01,4.1
MI,2022-06-01,4.1
MI,2022-07-01,4.0
MI,2022-08-01,4.0
MI,2022-09-01,4.0
MI,2022-10-01,4.1
MI,2022-11-01,4.1
MI,2022-12-01,4.1
MI,2023-01-01,4.0
MI,2023-02-01,3.9
MI,2023-03-01,3.8
MI,2023-04-01,3.7
MI,2023-05-01,3.7
MI,2023-06-01,3.8
MI,2023-07-01,3.9
MI,2023-08-01,4.0
MI,2023-09-01,4.0
MI,2023-10-01,4.0
MI,2023-11-01,4.0
MI,2023-12-01,4.0
MI,2024-01-01,3.9
MI,2024-02-01,4.0
MI,2024-03-01,4.2
MI,2024-04-01,4.4
MI,2024-05-01,4.5
MI,2024-06-01,4.7
MI,2024-07-01,4.8
MI,2024-08-01,5.0
MI,2024-09-01,5.1
MI,2024-10-01,5.1
MI,2024-11-01,5.2
MI,2024-12-01,5.3
MI,2025-01-01,5.3
MI,2025-02-01,5.3
MI,2025-03-01,5.3
MI,2025-04-01,5.2
MI,2025-05-01,5.1
MI,2025-06-01,5.0
MI,2025-07-01,4.9
MI,2025-08-01,4.9
MI,2025-09-01,4.9
MI,2025-10-01,
MI,2025-11-01,5.0
MI,2025-12-01,5.0
MI,2026-01-01,5.0
MI,2026-02-01,5.0
MI,2026-03-01,5.0
MI,2026-04-01,5.0
MI,2026-05-01,5.1
MI,2026-06-01,5.0
MN,2015-01-01,3.8
MN,2015-02-01,3.8
MN,2015-03-01,3.8
MN,2015-04-01,3.8
MN,2015-05-01,3.8
MN,2015-06-01,3.8
MN,2015-07-01,3.8
MN,2015-08-01,3.7
MN,2015-09-01,3.7
MN,2015-10-01,3.7
MN,2015-11-01,3.7
MN,2015-12-01,3.7
MN,2016-01-01,3.7
MN,2016-02-01,3.7
MN,2016-03-01,3.8
MN,2016-04-01,3.8
MN,2016-05-01,3.8
MN,2016-06-01,3.9
MN,2016-07-01,3.9
MN,2016-08-01,3.9
MN,2016-09-01,4.0
MN,2016-10-01,4.0
MN,2016-11-01,4.0
MN,2016-12-01,3.9
MN,2017-01-01,3.8
MN,2017-02-01,3.7
MN,2017-03-01,3.6
MN,2017-04-01,3.5
MN,2017-05-01,3.5
MN,2017-06-01,3.4
MN,2017-07-01,3.4
MN,2017-08-01,3.4
MN,2017-09-01,3.3
MN,2017-10-01,3.3
MN,2017-11-01,3.2
MN,2017-12-01,3.2
MN,2018-01-01,3.1
MN,2018-02-01,3.1
MN,2018-03-01,3.0
MN,2018-04-01,3.0
MN,2018-05-01,2.9
MN,2018-06-01,2.9
MN,2018-07-01,2.9
MN,2018-08-01,2.9
MN,2018-09-01,3.0
MN,2018-10-01,3.1
MN,2018-11-01,3.2
MN,2018-12-01,3.2
MN,2019-01-01,3.3
MN,2019-02-01,3.3
MN,2019-03-01,3.3
MN,2019-04-01,3.2
MN,2019-05-01,3.2
MN,2019-06-01,3.2
MN,2019-07-01,3.2
MN,2019-08-01,3.3
MN,2019-09-01,3.3
MN,2019-10-01,3.3
MN,2019-11-01,3.3
MN,2019-12-01,3.4
MN,2020-01-01,3.4
MN,2020-02-01,3.5
MN,2020-03-01,3.6
MN,2020-04-01,8.9
MN,2020-05-01,11.1
MN,2020-06-01,8.9
MN,2020-07-01,7.8
MN,2020-08-01,6.7
MN,2020-09-01,6.2
MN,2020-10-01,5.5
MN,2020-11-01,5.1
MN,2020-12-01,4.8
MN,2021-01-01,4.6
MN,2021-02-01,4.4
MN,2021-03-01,4.2
MN,2021-04-01,4.1
MN,2021-05-01,3.9
MN,2021-06-01,3.8
MN,2021-07-01,3.6
MN,2021-08-01,3.5
MN,2021-09-01,3.3
MN,2021-10-01,3.1
MN,2021-11-01,2.9
MN,2021-12-01,2.8
MN,2022-01-01,2.6
MN,2022-02-01,2.4
MN,2022-03-01,2.3
MN,2022-04-01,2.2
MN,2022-05-01,2.2
MN,2022-06-01,2.2
MN,2022-07-01,2.3
MN,2022-08-01,2.4
MN,2022-09-01,2.5
MN,2022-10-01,2.6
MN,2022-11-01,2.6
MN,2022-12-01,2.7
MN,2023-01-01,2.7
MN,2023-02-01,2.8
MN,2023-03-01,2.8
MN,2023-04-01,2.8
MN,2023-05-01,2.8
MN,2023-06-01,2.8
MN,2023-07-01,2.8
MN,2023-08-01,2.8
MN,2023-09-01,2.8
MN,2023-10-01,2.8
MN,2023-11-01,2.8
MN,2023-12-01,2.8
MN,2024-01-01,2.8
MN,2024-02-01,2.9
MN,2024-03-01,3.0
MN,2024-04-01,3.0
MN,2024-05-01,3.1
MN,2024-06-01,3.2
MN,2024-07-01,3.2
MN,2024-08-01,3.3
MN,2024-09-01,3.3
MN,2024-10-01,3.2
MN,2024-11-01,3.3
MN,2024-12-01,3.3
MN,2025-01-01,3.4
MN,2025-02-01,3.5
MN,2025-03-01,3.6
MN,2025-04-01,3.6
MN,2025-05-01,3.7
MN,2025-06-01,3.8
MN,2025-07-01,3.8
MN,2025-08-01,3.9
MN,2025-09-01,4.1
MN,2025-10-01,
MN,2025-11-01,4.2
MN,2025-12-01,4.2
MN,2026-01-01,4.4
MN,2026-02-01,4.5
MN,2026-03-01,4.5
MN,2026-04-01,4.5
MN,2026-05-01,4.4
MN,2026-06-01,4.4
MS,2015-01-01,6.8
MS,2015-02-01,6.7
MS,2015-03-01,6.6
MS,2015-04-01,6.6
MS,2015-05-01,6.5
MS,2015-06-01,6.4
MS,2015-07-01,6.3
MS,2015-08-01,6.3
MS,2015-09-01,6.3
MS,2015-10-01,6.3
MS,2015-11-01,6.3
MS,2015-12-01,6.3
MS,2016-01-01,6.3
MS,2016-02-01,6.2
MS,2016-03-01,6.1
MS,2016-04-01,6.0
MS,2016-05-01,6.0
MS,2016-06-01,6.0
MS,2016-07-01,6.0
MS,2016-08-01,6.0
MS,2016-09-01,5.9
MS,2016-10-01,5.9
MS,2016-11-01,5.8
MS,2016-12-01,5.7
MS,2017-01-01,5.6
MS,2017-02-01,5.5
MS,2017-03-01,5.4
MS,2017-04-01,5.4
MS,2017-05-01,5.3
MS,2017-06-01,5.2
MS,2017-07-01,5.2
MS,2017-08-01,5.1
MS,2017-09-01,5.0
MS,2017-10-01,5.0
MS,2017-11-01,4.9
MS,2017-12-01,4.9
MS,2018-01-01,4.9
MS,2018-02-01,4.9
MS,2018-03-01,4.9
MS,2018-04-01,4.9
MS,2018-05-01,4.9
MS,2018-06-01,4.8
MS,2018-07-01,4.8
MS,2018-08-01,4.8
MS,2018-09-01,4.9
MS,2018-10-01,5.0
MS,2018-11-01,5.2
MS,2018-12-01,5.3
MS,2019-01-01,5.4
MS,2019-02-01,5.4
MS,2019-03-01,5.4
MS,2019-04-01,5.4
MS,2019-05-01,5.4
MS,2019-06-01,5.5
MS,2019-07-01,5.6
MS,2019-08-01,5.6
MS,2019-09-01,5.6
MS,2019-10-01,5.6
MS,2019-11-01,5.5
MS,2019-12-01,5.5
MS,2020-01-01,5.6
MS,2020-02-01,5.7
MS,2020-03-01,5.9
MS,2020-04-01,15.6
MS,2020-05-01,11.2
MS,2020-06-01,9.4
MS,2020-07-01,8.3
MS,2020-08-01,7.4
MS,2020-09-01,7.1
MS,2020-10-01,6.7
MS,2020-11-01,6.6
MS,2020-12-01,6.5
MS,2021-01-01,6.4
MS,2021-02-01,6.3
MS,2021-03-01,6.2
MS,2021-04-01,6.1
MS,2021-05-01,5.9
MS,2021-06-01,5.7
MS,2021-07-01,5.5
MS,2021-08-01,5.1
MS,2021-09-01,4.8
MS,2021-10-01,4.5
MS,2021-11-01,4.3
MS,2021-12-01,4.1
MS,2022-01-01,4.0
MS,2022-02-01,3.9
MS,2022-03-01,3.8
MS,2022-04-01,3.8
MS,2022-05-01,3.7
MS,2022-06-01,3.7
MS,2022-07-01,3.7
MS,2022-08-01,3.7
MS,2022-09-01,3.7
MS,2022-10-01,3.7
MS,2022-11-01,3.6
MS,2022-12-01,3.5
MS,2023-01-01,3.4
MS,2023-02-01,3.3
MS,2023-03-01,3.2
MS,2023-04-01,3.1
MS,2023-05-01,3.1
MS,2023-06-01,3.1
MS,2023-07-01,3.1
MS,2023-08-01,3.1
MS,2023-09-01,3.1
MS,2023-10-01,3.0
MS,2023-11-01,3.0
MS,2023-12-01,2.9
MS,2024-01-01,2.8
MS,2024-02-01,2.8
MS,2024-03-01,2.8
MS,2024-04-01,2.8
MS,2024-05-01,2.9
MS,2024-06-01,3.0
MS,2024-07-01,3.2
MS,2024-08-01,3.3
MS,2024-09-01,3.4
MS,2024-10-01,3.6
MS,2024-11-01,3.7
MS,2024-12-01,3.8
MS,2025-01-01,3.9
MS,2025-02-01,3.9
MS,2025-03-01,3.9
MS,2025-04-01,3.9
MS,2025-05-01,3.9
MS,2025-06-01,3.8
MS,2025-07-01,3.8
MS,2025-08-01,3.7
MS,2025-09-01,3.7
MS,2025-10-01,
MS,2025-11-01,3.7
MS,2025-12-01,3.7
MS,2026-01-01,3.6
MS,2026-02-01,3.7
MS,2026-03-01,3.8
MS,2026-04-01,3.8
MS,2026-05-01,3.8
MS,2026-06-01,3.8
MO,2015-01-01,5.6
MO,2015-02-01,5.6
MO,2015-03-01,5.5
MO,2015-04-01,5.5
MO,2015-05-01,5.3
MO,2015-06-01,5.2
MO,2015-07-01,5.0
MO,2015-08-01,4.9
MO,2015-09-01,4.8
MO,2015-10-01,4.7
MO,2015-11-01,4.6
MO,2015-12-01,4.5
MO,2016-01-01,4.5
MO,2016-02-01,4.5
MO,2016-03-01,4.5
MO,2016-04-01,4.5
MO,2016-05-01,4.6
MO,2016-06-01,4.7
MO,2016-07-01,4.7
MO,2016-08-01,4.7
MO,2016-09-01,4.7
MO,2016-10-01,4.6
MO,2016-11-01,4.5
MO,2016-12-01,4.4
MO,2017-01-01,4.2
MO,2017-02-01,4.1
MO,2017-03-01,4.0
MO,2017-04-01,3.9
MO,2017-05-01,3.8
MO,2017-06-01,3.7
MO,2017-07-01,3.7
MO,2017-08-01,3.7
MO,2017-09-01,3.6
MO,2017-10-01,3.6
MO,2017-11-01,3.6
MO,2017-12-01,3.6
MO,2018-01-01,3.5
MO,2018-02-01,3.5
MO,2018-03-01,3.4
MO,2018-04-01,3.3
MO,2018-05-01,3.2
MO,2018-06-01,3.1
MO,2018-07-01,3.1
MO,2018-08-01,3.1
MO,2018-09-01,3.1
MO,2018-10-01,3.1
MO,2018-11-01,3.2
MO,2018-12-01,3.2
MO,2019-01-01,3.3
MO,2019-02-01,3.3
MO,2019-03-01,3.2
MO,2019-04-01,3.1
MO,2019-05-01,3.1
MO,2019-06-01,3.1
MO,2019-07-01,3.1
MO,2019-08-01,3.2
MO,2019-09-01,3.3
MO,2019-10-01,3.3
MO,2019-11-01,3.4
MO,2019-12-01,3.4
MO,2020-01-01,3.4
MO,2020-02-01,3.4
MO,2020-03-01,3.6
MO,2020-04-01,11.6
MO,2020-05-01,9.6
MO,2020-06-01,8.0
MO,2020-07-01,7.2
MO,2020-08-01,6.4
MO,2020-09-01,5.9
MO,2020-10-01,5.4
MO,2020-11-01,5.1
MO,2020-12-01,5.0
MO,2021-01-01,4.8
MO,2021-02-01,4.8
MO,2021-03-01,4.7
MO,2021-04-01,4.6
MO,2021-05-01,4.4
MO,2021-06-01,4.3
MO,2021-07-01,4.1
MO,2021-08-01,3.9
MO,2021-09-01,3.7
MO,2021-10-01,3.5
MO,2021-11-01,3.4
MO,2021-12-01,3.2
MO,2022-01-01,3.0
MO,2022-02-01,2.8
MO,2022-03-01,2.6
MO,2022-04-01,2.4
MO,2022-05-01,2.4
MO,2022-06-01,2.4
MO,2022-07-01,2.4
MO,2022-08-01,2.5
MO,2022-09-01,2.7
MO,2022-10-01,2.8
MO,2022-11-01,2.8
MO,2022-12-01,2.8
MO,2023-01-01,2.8
MO,2023-02-01,2.8
MO,2023-03-01,2.9
MO,2023-04-01,2.9
MO,2023-05-01,3.0
MO,2023-06-01,3.1
MO,2023-07-01,3.2
MO,2023-08-01,3.2
MO,2023-09-01,3.3
MO,2023-10-01,3.4
MO,2023-11-01,3.4
MO,2023-12-01,3.4
MO,2024-01-01,3.5
MO,2024-02-01,3.5
MO,2024-03-01,3.6
MO,2024-04-01,3.7
MO,2024-05-01,3.7
MO,2024-06-01,3.8
MO,2024-07-01,3.8
MO,2024-08-01,3.8
MO,2024-09-01,3.7
MO,2024-10-01,3.7
MO,2024-11-01,3.8
MO,2024-12-01,3.8
MO,2025-01-01,3.9
MO,2025-02-01,4.0
MO,2025-03-01,4.0
MO,2025-04-01,4.0
MO,2025-05-01,4.0
MO,2025-06-01,4.0
MO,2025-07-01,4.0
MO,2025-08-01,4.0
MO,2025-09-01,3.9
MO,2025-10-01,
MO,2025-11-01,3.9
MO,2025-12-01,3.9
MO,2026-01-01,3.9
MO,2026-02-01,3.9
MO,2026-03-01,3.9
MO,2026-04-01,3.8
MO,2026-05-01,3.8
MO,2026-06-01,3.7
MT,2015-01-01,4.3
MT,2015-02-01,4.3
MT,2015-03-01,4.2
MT,2015-04-01,4.2
MT,2015-05-01,4.2
MT,2015-06-01,4.2
MT,2015-07-01,4.2
MT,2015-08-01,4.2
MT,2015-09-01,4.2
MT,2015-10-01,4.3
MT,2015-11-01,4.3
MT,2015-12-01,4.3
MT,2016-01-01,4.3
MT,2016-02-01,4.3
MT,2016-03-01,4.3
MT,2016-04-01,4.3
MT,2016-05-01,4.3
MT,2016-06-01,4.3
MT,2016-07-01,4.3
MT,2016-08-01,4.3
MT,2016-09-01,4.2
MT,2016-10-01,4.2
MT,2016-11-01,4.2
MT,2016-12-01,4.2
MT,2017-01-01,4.2
MT,2017-02-01,4.1
MT,2017-03-01,4.1
MT,2017-04-01,4.1
MT,2017-05-01,4.1
MT,2017-06-01,4.1
MT,2017-07-01,4.1
MT,2017-08-01,4.1
MT,2017-09-01,4.1
MT,2017-10-01,4.1
MT,2017-11-01,4.1
MT,2017-12-01,4.0
MT,2018-01-01,3.9
MT,2018-02-01,3.9
MT,2018-03-01,3.8
MT,2018-04-01,3.8
MT,2018-05-01,3.7
MT,2018-06-01,3.7
MT,2018-07-01,3.7
MT,2018-08-01,3.6
MT,2018-09-01,3.6
MT,2018-10-01,3.7
MT,2018-11-01,3.7
MT,2018-12-01,3.6
MT,2019-01-01,3.6
MT,2019-02-01,3.6
MT,2019-03-01,3.5
MT,2019-04-01,3.5
MT,2019-05-01,3.4
MT,2019-06-01,3.4
MT,2019-07-01,3.5
MT,2019-08-01,3.5
MT,2019-09-01,3.5
MT,2019-10-01,3.5
MT,2019-11-01,3.5
MT,2019-12-01,3.5
MT,2020-01-01,3.5
MT,2020-02-01,3.5
MT,2020-03-01,3.5
MT,2020-04-01,11.9
MT,2020-05-01,9.2
MT,2020-06-01,7.7
MT,2020-07-01,6.7
MT,2020-08-01,5.6
MT,2020-09-01,5.2
MT,2020-10-01,4.6
MT,2020-11-01,4.3
MT,2020-12-01,4.2
MT,2021-01-01,4.0
MT,2021-02-01,3.9
MT,2021-03-01,3.8
MT,2021-04-01,3.7
MT,2021-05-01,3.6
MT,2021-06-01,3.5
MT,2021-07-01,3.4
MT,2021-08-01,3.2
MT,2021-09-01,3.1
MT,2021-10-01,2.9
MT,2021-11-01,2.8
MT,2021-12-01,2.7
MT,2022-01-01,2.7
MT,2022-02-01,2.7
MT,2022-03-01,2.7
MT,2022-04-01,2.7
MT,2022-05-01,2.7
MT,2022-06-01,2.7
MT,2022-07-01,2.7
MT,2022-08-01,2.7
MT,2022-09-01,2.7
MT,2022-10-01,2.6
MT,2022-11-01,2.5
MT,2022-12-01,2.5
MT,2023-01-01,2.5
MT,2023-02-01,2.5
MT,2023-03-01,2.5
MT,2023-04-01,2.5
MT,2023-05-01,2.6
MT,2023-06-01,2.6
MT,2023-07-01,2.7
MT,2023-08-01,2.8
MT,2023-09-01,2.9
MT,2023-10-01,3.0
MT,2023-11-01,3.1
MT,2023-12-01,3.1
MT,2024-01-01,3.1
MT,2024-02-01,3.1
MT,2024-03-01,3.0
MT,2024-04-01,3.0
MT,2024-05-01,3.0
MT,2024-06-01,3.1
MT,2024-07-01,3.0
MT,2024-08-01,3.0
MT,2024-09-01,3.0
MT,2024-10-01,2.9
MT,2024-11-01,2.9
MT,2024-12-01,2.9
MT,2025-01-01,2.9
MT,2025-02-01,3.0
MT,2025-03-01,3.1
MT,2025-04-01,3.1
MT,2025-05-01,3.2
MT,2025-06-01,3.2
MT,2025-07-01,3.3
MT,2025-08-01,3.4
MT,2025-09-01,3.5
MT,2025-10-01,
MT,2025-11-01,3.6
MT,2025-12-01,3.6
MT,2026-01-01,3.6
MT,2026-02-01,3.6
MT,2026-03-01,3.6
MT,2026-04-01,3.5
MT,2026-05-01,3.4
MT,2026-06-01,3.3
NE,2015-01-01,2.9
NE,2015-02-01,2.9
NE,2015-03-01,2.9
NE,2015-04-01,3.0
NE,2015-05-01,3.0
NE,2015-06-01,3.0
NE,2015-07-01,3.0
NE,2015-08-01,3.0
NE,2015-09-01,3.0
NE,2015-10-01,3.0
NE,2015-11-01,3.0
NE,2015-12-01,3.0
NE,2016-01-01,3.0
NE,2016-02-01,3.0
NE,2016-03-01,3.0
NE,2016-04-01,3.0
NE,2016-05-01,3.1
NE,2016-06-01,3.1
NE,2016-07-01,3.2
NE,2016-08-01,3.2
NE,2016-09-01,3.2
NE,2016-10-01,3.2
NE,2016-11-01,3.2
NE,2016-12-01,3.1
NE,2017-01-01,3.1
NE,2017-02-01,3.0
NE,2017-03-01,2.9
NE,2017-04-01,2.9
NE,2017-05-01,2.9
NE,2017-06-01,2.9
NE,2017-07-01,2.9
NE,2017-08-01,2.9
NE,2017-09-01,3.0
NE,2017-10-01,3.0
NE,2017-11-01,3.0
NE,2017-12-01,3.0
NE,2018-01-01,2.9
NE,2018-02-01,2.9
NE,2018-03-01,2.9
NE,2018-04-01,2.8
NE,2018-05-01,2.8
NE,2018-06-01,2.8
NE,2018-07-01,2.9
NE,2018-08-01,2.9
NE,2018-09-01,2.9
NE,2018-10-01,3.0
NE,2018-11-01,3.0
NE,2018-12-01,3.1
NE,2019-01-01,3.1
NE,2019-02-01,3.1
NE,2019-03-01,3.1
NE,2019-04-01,3.1
NE,2019-05-01,3.1
NE,2019-06-01,3.1
NE,2019-07-01,3.1
NE,2019-08-01,3.2
NE,2019-09-01,3.2
NE,2019-10-01,3.1
NE,2019-11-01,3.1
NE,2019-12-01,3.1
NE,2020-01-01,3.0
NE,2020-02-01,3.0
NE,2020-03-01,4.4
NE,2020-04-01,8.2
NE,2020-05-01,6.4
NE,2020-06-01,5.3
NE,2020-07-01,4.6
NE,2020-08-01,3.8
NE,2020-09-01,3.4
NE,2020-10-01,3.1
NE,2020-11-01,3.0
NE,2020-12-01,3.0
NE,2021-01-01,2.9
NE,2021-02-01,2.9
NE,2021-03-01,2.9
NE,2021-04-01,2.9
NE,2021-05-01,2.8
NE,2021-06-01,2.8
NE,2021-07-01,2.7
NE,2021-08-01,2.6
NE,2021-09-01,2.5
NE,2021-10-01,2.4
NE,2021-11-01,2.3
NE,2021-12-01,2.2
NE,2022-01-01,2.1
NE,2022-02-01,2.0
NE,2022-03-01,2.0
NE,2022-04-01,2.0
NE,2022-05-01,2.1
NE,2022-06-01,2.1
NE,2022-07-01,2.2
NE,2022-08-01,2.3
NE,2022-09-01,2.3
NE,2022-10-01,2.3
NE,2022-11-01,2.3
NE,2022-12-01,2.2
NE,2023-01-01,2.2
NE,2023-02-01,2.2
NE,2023-03-01,2.1
NE,2023-04-01,2.1
NE,2023-05-01,2.2
NE,2023-06-01,2.2
NE,2023-07-01,2.3
NE,2023-08-01,2.4
NE,2023-09-01,2.4
NE,2023-10-01,2.5
NE,2023-11-01,2.5
NE,2023-12-01,2.5
NE,2024-01-01,2.5
NE,2024-02-01,2.6
NE,2024-03-01,2.6
NE,2024-04-01,2.6
NE,2024-05-01,2.7
NE,2024-06-01,2.7
NE,2024-07-01,2.8
NE,2024-08-01,2.8
NE,2024-09-01,2.8
NE,2024-10-01,2.8
NE,2024-11-01,2.8
NE,2024-12-01,2.9
NE,2025-01-01,2.9
NE,2025-02-01,2.9
NE,2025-03-01,2.9
NE,2025-04-01,2.9
NE,2025-05-01,2.9
NE,2025-06-01,2.9
NE,2025-07-01,2.9
NE,2025-08-01,2.9
NE,2025-09-01,2.9
NE,2025-10-01,
NE,2025-11-01,3.0
NE,2025-12-01,3.0
NE,2026-01-01,3.0
NE,2026-02-01,3.1
NE,2026-03-01,3.1
NE,2026-04-01,3.0
NE,2026-05-01,3.0
NE,2026-06-01,2.9
NV,2015-01-01,7.4
NV,2015-02-01,7.3
NV,2015-03-01,7.3
NV,2015-04-01,7.1
NV,2015-05-01,7.0
NV,2015-06-01,6.9
NV,2015-07-01,6.8
NV,2015-08-01,6.7
NV,2015-09-01,6.6
NV,2015-10-01,6.5
NV,2015-11-01,6.4
NV,2015-12-01,6.4
NV,2016-01-01,6.3
NV,2016-02-01,6.2
NV,2016-03-01,6.1
NV,2016-04-01,6.0
NV,2016-05-01,5.9
NV,2016-06-01,5.9
NV,2016-07-01,5.8
NV,2016-08-01,5.7
NV,2016-09-01,5.6
NV,2016-10-01,5.6
NV,2016-11-01,5.5
NV,2016-12-01,5.4
NV,2017-01-01,5.3
NV,2017-02-01,5.3
NV,2017-03-01,5.2
NV,2017-04-01,5.1
NV,2017-05-01,5.0
NV,2017-06-01,5.0
NV,2017-07-01,4.9
NV,2017-08-01,4.9
NV,2017-09-01,4.9
NV,2017-10-01,4.9
NV,2017-11-01,4.8
NV,2017-12-01,4.8
NV,2018-01-01,4.7
NV,2018-02-01,4.7
NV,2018-03-01,4.6
NV,2018-04-01,4.5
NV,2018-05-01,4.4
NV,2018-06-01,4.3
NV,2018-07-01,4.3
NV,2018-08-01,4.2
NV,2018-09-01,4.3
NV,2018-10-01,4.3
NV,2018-11-01,4.3
NV,2018-12-01,4.3
NV,2019-01-01,4.3
NV,2019-02-01,4.3
NV,2019-03-01,4.2
NV,2019-04-01,4.1
NV,2019-05-01,4.1
NV,2019-06-01,4.0
NV,2019-07-01,4.0
NV,2019-08-01,4.0
NV,2019-09-01,4.0
NV,2019-10-01,4.1
NV,2019-11-01,4.1
NV,2019-12-01,4.1
NV,2020-01-01,4.2
NV,2020-02-01,4.4
NV,2020-03-01,7.2
NV,2020-04-01,30.5
NV,2020-05-01,24.7
NV,2020-06-01,18.9
NV,2020-07-01,16.7
NV,2020-08-01,13.9
NV,2020-09-01,12.7
NV,2020-10-01,11.1
NV,2020-11-01,10.2
NV,2020-12-01,9.6
NV,2021-01-01,8.9
NV,2021-02-01,8.5
NV,2021-03-01,8.0
NV,2021-04-01,7.7
NV,2021-05-01,7.2
NV,2021-06-01,6.9
NV,2021-07-01,6.6
NV,2021-08-01,6.2
NV,2021-09-01,5.8
NV,2021-10-01,5.6
NV,2021-11-01,5.4
NV,2021-12-01,5.3
NV,2022-01-01,5.2
NV,2022-02-01,5.2
NV,2022-03-01,5.2
NV,2022-04-01,5.2
NV,2022-05-01,5.2
NV,2022-06-01,5.2
NV,2022-07-01,5.2
NV,2022-08-01,5.2
NV,2022-09-01,5.2
NV,2022-10-01,5.3
NV,2022-11-01,5.3
NV,2022-12-01,5.3
NV,2023-01-01,5.2
NV,2023-02-01,5.2
NV,2023-03-01,5.1
NV,2023-04-01,5.0
NV,2023-05-01,5.0
NV,2023-06-01,5.0
NV,2023-07-01,5.1
NV,2023-08-01,5.1
NV,2023-09-01,5.1
NV,2023-10-01,5.2
NV,2023-11-01,5.2
NV,2023-12-01,5.2
NV,2024-01-01,5.2
NV,2024-02-01,5.2
NV,2024-03-01,5.3
NV,2024-04-01,5.4
NV,2024-05-01,5.4
NV,2024-06-01,5.4
NV,2024-07-01,5.5
NV,2024-08-01,5.5
NV,2024-09-01,5.5
NV,2024-10-01,5.5
NV,2024-11-01,5.4
NV,2024-12-01,5.4
NV,2025-01-01,5.4
NV,2025-02-01,5.4
NV,2025-03-01,5.3
NV,2025-04-01,5.3
NV,2025-05-01,5.2
NV,2025-06-01,5.2
NV,2025-07-01,5.2
NV,2025-08-01,5.2
NV,2025-09-01,5.2
NV,2025-10-01,
NV,2025-11-01,5.2
NV,2025-12-01,5.2
NV,2026-01-01,5.3
NV,2026-02-01,5.3
NV,2026-03-01,5.3
NV,2026-04-01,5.3
NV,2026-05-01,5.2
NV,2026-06-01,5.1
NH,2015-01-01,3.8
NH,2015-02-01,3.8
NH,2015-03-01,3.7
NH,2015-04-01,3.6
NH,2015-05-01,3.5
NH,2015-06-01,3.4
NH,2015-07-01,3.3
NH,2015-08-01,3.3
NH,2015-09-01,3.2
NH,2015-10-01,3.1
NH,2015-11-01,3.0
NH,2015-12-01,3.0
NH,2016-01-01,2.9
NH,2016-02-01,2.9
NH,2016-03-01,2.8
NH,2016-04-01,2.9
NH,2016-05-01,2.9
NH,2016-06-01,2.9
NH,2016-07-01,2.9
NH,2016-08-01,2.9
NH,2016-09-01,2.9
NH,2016-10-01,2.9
NH,2016-11-01,2.9
NH,2016-12-01,2.9
NH,2017-01-01,2.9
NH,2017-02-01,2.9
NH,2017-03-01,2.9
NH,2017-04-01,2.8
NH,2017-05-01,2.8
NH,2017-06-01,2.7
NH,2017-07-01,2.7
NH,2017-08-01,2.8
NH,2017-09-01,2.8
NH,2017-10-01,2.8
NH,2017-11-01,2.8
NH,2017-12-01,2.8
NH,2018-01-01,2.8
NH,2018-02-01,2.7
NH,2018-03-01,2.7
NH,2018-04-01,2.7
NH,2018-05-01,2.7
NH,2018-06-01,2.6
NH,2018-07-01,2.6
NH,2018-08-01,2.6
NH,2018-09-01,2.5
NH,2018-10-01,2.5
NH,2018-11-01,2.6
NH,2018-12-01,2.6
NH,2019-01-01,2.6
NH,2019-02-01,2.6
NH,2019-03-01,2.6
NH,2019-04-01,2.6
NH,2019-05-01,2.5
NH,2019-06-01,2.5
NH,2019-07-01,2.5
NH,2019-08-01,2.5
NH,2019-09-01,2.6
NH,2019-10-01,2.6
NH,2019-11-01,2.5
NH,2019-12-01,2.5
NH,2020-01-01,2.5
NH,2020-02-01,2.6
NH,2020-03-01,2.6
NH,2020-04-01,16.0
NH,2020-05-01,11.8
NH,2020-06-01,9.6
NH,2020-07-01,8.3
NH,2020-08-01,6.7
NH,2020-09-01,6.1
NH,2020-10-01,5.3
NH,2020-11-01,4.9
NH,2020-12-01,4.6
NH,2021-01-01,4.3
NH,2021-02-01,4.1
NH,2021-03-01,4.0
NH,2021-04-01,3.9
NH,2021-05-01,3.8
NH,2021-06-01,3.7
NH,2021-07-01,3.5
NH,2021-08-01,3.3
NH,2021-09-01,3.0
NH,2021-10-01,2.8
NH,2021-11-01,2.6
NH,2021-12-01,2.5
NH,2022-01-01,2.4
NH,2022-02-01,2.3
NH,2022-03-01,2.3
NH,2022-04-01,2.3
NH,2022-05-01,2.3
NH,2022-06-01,2.4
NH,2022-07-01,2.4
NH,2022-08-01,2.5
NH,2022-09-01,2.6
NH,2022-10-01,2.6
NH,2022-11-01,2.5
NH,2022-12-01,2.5
NH,2023-01-01,2.4
NH,2023-02-01,2.3
NH,2023-03-01,2.2
NH,2023-04-01,2.2
NH,2023-05-01,2.2
NH,2023-06-01,2.2
NH,2023-07-01,2.2
NH,2023-08-01,2.3
NH,2023-09-01,2.3
NH,2023-10-01,2.3
NH,2023-11-01,2.3
NH,2023-12-01,2.3
NH,2024-01-01,2.3
NH,2024-02-01,2.3
NH,2024-03-01,2.4
NH,2024-04-01,2.4
NH,2024-05-01,2.5
NH,2024-06-01,2.5
NH,2024-07-01,2.6
NH,2024-08-01,2.6
NH,2024-09-01,2.7
NH,2024-10-01,2.8
NH,2024-11-01,2.9
NH,2024-12-01,3.0
NH,2025-01-01,3.0
NH,2025-02-01,3.1
NH,2025-03-01,3.2
NH,2025-04-01,3.2
NH,2025-05-01,3.2
NH,2025-06-01,3.1
NH,2025-07-01,3.1
NH,2025-08-01,3.1
NH,2025-09-01,3.2
NH,2025-10-01,
NH,2025-11-01,3.2
NH,2025-12-01,3.2
NH,2026-01-01,3.2
NH,2026-02-01,3.2
NH,2026-03-01,3.1
NH,2026-04-01,3.1
NH,2026-05-01,3.0
NH,2026-06-01,2.9
NJ,2015-01-01,6.3
NJ,2015-02-01,6.3
NJ,2015-03-01,6.2
NJ,2015-04-01,6.1
NJ,2015-05-01,6.0
NJ,2015-06-01,5.8
NJ,2015-07-01,5.7
NJ,2015-08-01,5.5
NJ,2015-09-01,5.3
NJ,2015-10-01,5.1
NJ,2015-11-01,5.0
NJ,2015-12-01,5.0
NJ,2016-01-01,4.9
NJ,2016-02-01,5.0
NJ,2016-03-01,5.0
NJ,2016-04-01,5.0
NJ,2016-05-01,5.0
NJ,2016-06-01,5.0
NJ,2016-07-01,5.0
NJ,2016-08-01,5.0
NJ,2016-09-01,4.9
NJ,2016-10-01,4.9
NJ,2016-11-01,4.8
NJ,2016-12-01,4.7
NJ,2017-01-01,4.6
NJ,2017-02-01,4.5
NJ,2017-03-01,4.4
NJ,2017-04-01,4.4
NJ,2017-05-01,4.4
NJ,2017-06-01,4.5
NJ,2017-07-01,4.5
NJ,2017-08-01,4.6
NJ,2017-09-01,4.6
NJ,2017-10-01,4.6
NJ,2017-11-01,4.6
NJ,2017-12-01,4.5
NJ,2018-01-01,4.4
NJ,2018-02-01,4.4
NJ,2018-03-01,4.3
NJ,2018-04-01,4.2
NJ,2018-05-01,4.1
NJ,2018-06-01,4.1
NJ,2018-07-01,4.0
NJ,2018-08-01,3.9
NJ,2018-09-01,3.8
NJ,2018-10-01,3.7
NJ,2018-11-01,3.7
NJ,2018-12-01,3.6
NJ,2019-01-01,3.5
NJ,2019-02-01,3.4
NJ,2019-03-01,3.3
NJ,2019-04-01,3.2
NJ,2019-05-01,3.2
NJ,2019-06-01,3.2
NJ,2019-07-01,3.3
NJ,2019-08-01,3.4
NJ,2019-09-01,3.6
NJ,2019-10-01,3.7
NJ,2019-11-01,3.8
NJ,2019-12-01,3.9
NJ,2020-01-01,4.0
NJ,2020-02-01,4.1
NJ,2020-03-01,4.1
NJ,2020-04-01,15.0
NJ,2020-05-01,15.4
NJ,2020-06-01,14.5
NJ,2020-07-01,14.4
NJ,2020-08-01,13.3
NJ,2020-09-01,7.4
NJ,2020-10-01,7.1
NJ,2020-11-01,7.2
NJ,2020-12-01,7.3
NJ,2021-01-01,7.4
NJ,2021-02-01,7.4
NJ,2021-03-01,7.3
NJ,2021-04-01,7.3
NJ,2021-05-01,7.0
NJ,2021-06-01,7.2
NJ,2021-07-01,6.9
NJ,2021-08-01,6.7
NJ,2021-09-01,6.2
NJ,2021-10-01,5.9
NJ,2021-11-01,5.6
NJ,2021-12-01,5.5
NJ,2022-01-01,5.2
NJ,2022-02-01,4.7
NJ,2022-03-01,4.3
NJ,2022-04-01,4.1
NJ,2022-05-01,3.8
NJ,2022-06-01,3.6
NJ,2022-07-01,3.3
NJ,2022-08-01,3.1
NJ,2022-09-01,3.3
NJ,2022-10-01,3.5
NJ,2022-11-01,3.7
NJ,2022-12-01,3.8
NJ,2023-01-01,3.9
NJ,2023-02-01,4.0
NJ,2023-03-01,4.1
NJ,2023-04-01,4.2
NJ,2023-05-01,4.2
NJ,2023-06-01,4.3
NJ,2023-07-01,4.4
NJ,2023-08-01,4.5
NJ,2023-09-01,4.5
NJ,2023-10-01,4.5
NJ,2023-11-01,4.5
NJ,2023-12-01,4.5
NJ,2024-01-01,4.5
NJ,2024-02-01,4.5
NJ,2024-03-01,4.5
NJ,2024-04-01,4.6
NJ,2024-05-01,4.6
NJ,2024-06-01,4.6
NJ,2024-07-01,4.7
NJ,2024-08-01,4.7
NJ,2024-09-01,4.7
NJ,2024-10-01,4.7
NJ,2024-11-01,4.8
NJ,2024-12-01,4.8
NJ,2025-01-01,4.9
NJ,2025-02-01,5.0
NJ,2025-03-01,5.1
NJ,2025-04-01,5.1
NJ,2025-05-01,5.2
NJ,2025-06-01,5.4
NJ,2025-07-01,5.5
NJ,2025-08-01,5.5
NJ,2025-09-01,5.5
NJ,2025-10-01,
NJ,2025-11-01,5.4
NJ,2025-12-01,5.4
NJ,2026-01-01,5.2
NJ,2026-02-01,5.1
NJ,2026-03-01,4.9
NJ,2026-04-01,4.8
NJ,2026-05-01,4.7
NJ,2026-06-01,4.5
NM,2015-01-01,6.5
NM,2015-02-01,6.5
NM,2015-03-01,6.6
NM,2015-04-01,6.7
NM,2015-05-01,6.7
NM,2015-06-01,6.7
NM,2015-07-01,6.7
NM,2015-08-01,6.7
NM,2015-09-01,6.6
NM,2015-10-01,6.6
NM,2015-11-01,6.5
NM,2015-12-01,6.5
NM,2016-01-01,6.5
NM,2016-02-01,6.5
NM,2016-03-01,6.5
NM,2016-04-01,6.6
NM,2016-05-01,6.7
NM,2016-06-01,6.8
NM,2016-07-01,6.9
NM,2016-08-01,7.0
NM,2016-09-01,7.0
NM,2016-10-01,7.0
NM,2016-11-01,7.0
NM,2016-12-01,6.9
NM,2017-01-01,6.8
NM,2017-02-01,6.7
NM,2017-03-01,6.6
NM,2017-04-01,6.5
NM,2017-05-01,6.3
NM,2017-06-01,6.2
NM,2017-07-01,6.0
NM,2017-08-01,5.9
NM,2017-09-01,5.8
NM,2017-10-01,5.7
NM,2017-11-01,5.5
NM,2017-12-01,5.4
NM,2018-01-01,5.2
NM,2018-02-01,5.1
NM,2018-03-01,4.9
NM,2018-04-01,4.8
NM,2018-05-01,4.8
NM,2018-06-01,4.7
NM,2018-07-01,4.7
NM,2018-08-01,4.8
NM,2018-09-01,4.9
NM,2018-10-01,5.0
NM,2018-11-01,5.1
NM,2018-12-01,5.2
NM,2019-01-01,5.1
NM,2019-02-01,5.1
NM,2019-03-01,5.0
NM,2019-04-01,5.0
NM,2019-05-01,5.0
NM,2019-06-01,4.9
NM,2019-07-01,4.9
NM,2019-08-01,4.9
NM,2019-09-01,4.9
NM,2019-10-01,4.9
NM,2019-11-01,4.9
NM,2019-12-01,5.0
NM,2020-01-01,5.1
NM,2020-02-01,5.3
NM,2020-03-01,5.9
NM,2020-04-01,9.0
NM,2020-05-01,9.3
NM,2020-06-01,9.0
NM,2020-07-01,9.0
NM,2020-08-01,8.6
NM,2020-09-01,8.7
NM,2020-10-01,8.4
NM,2020-11-01,8.4
NM,2020-12-01,8.4
NM,2021-01-01,8.2
NM,2021-02-01,8.2
NM,2021-03-01,8.0
NM,2021-04-01,7.9
NM,2021-05-01,7.6
NM,2021-06-01,7.5
NM,2021-07-01,7.1
NM,2021-08-01,6.8
NM,2021-09-01,6.3
NM,2021-10-01,6.0
NM,2021-11-01,5.8
NM,2021-12-01,5.6
NM,2022-01-01,5.4
NM,2022-02-01,5.1
NM,2022-03-01,4.7
NM,2022-04-01,4.4
NM,2022-05-01,4.2
NM,2022-06-01,3.9
NM,2022-07-01,3.6
NM,2022-08-01,3.4
NM,2022-09-01,3.4
NM,2022-10-01,3.5
NM,2022-11-01,3.6
NM,2022-12-01,3.6
NM,2023-01-01,3.6
NM,2023-02-01,3.6
NM,2023-03-01,3.6
NM,2023-04-01,3.6
NM,2023-05-01,3.6
NM,2023-06-01,3.6
NM,2023-07-01,3.6
NM,2023-08-01,3.7
NM,2023-09-01,3.7
NM,2023-10-01,3.7
NM,2023-11-01,3.8
NM,2023-12-01,3.8
NM,2024-01-01,3.8
NM,2024-02-01,3.8
NM,2024-03-01,3.9
NM,2024-04-01,4.0
NM,2024-05-01,4.1
NM,2024-06-01,4.2
NM,2024-07-01,4.2
NM,2024-08-01,4.3
NM,2024-09-01,4.2
NM,2024-10-01,4.2
NM,2024-11-01,4.2
NM,2024-12-01,4.2
NM,2025-01-01,4.1
NM,2025-02-01,4.1
NM,2025-03-01,4.1
NM,2025-04-01,4.1
NM,2025-05-01,4.0
NM,2025-06-01,4.0
NM,2025-07-01,4.0
NM,2025-08-01,4.1
NM,2025-09-01,4.2
NM,2025-10-01,
NM,2025-11-01,4.3
NM,2025-12-01,4.3
NM,2026-01-01,4.5
NM,2026-02-01,4.7
NM,2026-03-01,4.8
NM,2026-04-01,4.9
NM,2026-05-01,4.9
NM,2026-06-01,4.8
NY,2015-01-01,5.7
NY,2015-02-01,5.6
NY,2015-03-01,5.6
NY,2015-04-01,5.5
NY,2015-05-01,5.4
NY,2015-06-01,5.3
NY,2015-07-01,5.1
NY,2015-08-01,5.0
NY,2015-09-01,4.9
NY,2015-10-01,4.9
NY,2015-11-01,4.8
NY,2015-12-01,4.8
NY,2016-01-01,4.8
NY,2016-02-01,4.8
NY,2016-03-01,4.8
NY,2016-04-01,4.8
NY,2016-05-01,4.8
NY,2016-06-01,4.9
NY,2016-07-01,4.9
NY,2016-08-01,5.0
NY,2016-09-01,5.0
NY,2016-10-01,5.0
NY,2016-11-01,4.9
NY,2016-12-01,4.8
NY,2017-01-01,4.7
NY,2017-02-01,4.6
NY,2017-03-01,4.6
NY,2017-04-01,4.6
NY,2017-05-01,4.6
NY,2017-06-01,4.6
NY,2017-07-01,4.7
NY,2017-08-01,4.7
NY,2017-09-01,4.7
NY,2017-10-01,4.7
NY,2017-11-01,4.6
NY,2017-12-01,4.6
NY,2018-01-01,4.5
NY,2018-02-01,4.4
NY,2018-03-01,4.3
NY,2018-04-01,4.2
NY,2018-05-01,4.1
NY,2018-06-01,4.0
NY,2018-07-01,3.9
NY,2018-08-01,3.9
NY,2018-09-01,3.9
NY,2018-10-01,4.0
NY,2018-11-01,4.0
NY,2018-12-01,4.0
NY,2019-01-01,4.0
NY,2019-02-01,3.9
NY,2019-03-01,3.9
NY,2019-04-01,3.8
NY,2019-05-01,3.8
NY,2019-06-01,3.8
NY,2019-07-01,3.8
NY,2019-08-01,3.9
NY,2019-09-01,3.9
NY,2019-10-01,3.9
NY,2019-11-01,4.0
NY,2019-12-01,4.0
NY,2020-01-01,4.1
NY,2020-02-01,4.2
NY,2020-03-01,4.2
NY,2020-04-01,15.7
NY,2020-05-01,16.7
NY,2020-06-01,13.6
NY,2020-07-01,12.6
NY,2020-08-01,10.8
NY,2020-09-01,10.2
NY,2020-10-01,9.2
NY,2020-11-01,8.9
NY,2020-12-01,8.7
NY,2021-01-01,8.5
NY,2021-02-01,8.3
NY,2021-03-01,8.1
NY,2021-04-01,7.9
NY,2021-05-01,7.5
NY,2021-06-01,7.5
NY,2021-07-01,7.0
NY,2021-08-01,6.8
NY,2021-09-01,6.2
NY,2021-10-01,5.9
NY,2021-11-01,5.5
NY,2021-12-01,5.4
NY,2022-01-01,5.2
NY,2022-02-01,4.8
NY,2022-03-01,4.6
NY,2022-04-01,4.5
NY,2022-05-01,4.3
NY,2022-06-01,4.2
NY,2022-07-01,4.0
NY,2022-08-01,3.8
NY,2022-09-01,3.9
NY,2022-10-01,4.0
NY,2022-11-01,4.0
NY,2022-12-01,4.0
NY,2023-01-01,4.0
NY,2023-02-01,4.0
NY,2023-03-01,4.0
NY,2023-04-01,3.9
NY,2023-05-01,3.9
NY,2023-06-01,3.9
NY,2023-07-01,4.0
NY,2023-08-01,4.0
NY,2023-09-01,4.1
NY,2023-10-01,4.1
NY,2023-11-01,4.2
NY,2023-12-01,4.2
NY,2024-01-01,4.1
NY,2024-02-01,4.1
NY,2024-03-01,4.1
NY,2024-04-01,4.2
NY,2024-05-01,4.2
NY,2024-06-01,4.2
NY,2024-07-01,4.2
NY,2024-08-01,4.2
NY,2024-09-01,4.2
NY,2024-10-01,4.1
NY,2024-11-01,4.1
NY,2024-12-01,4.1
NY,2025-01-01,4.1
NY,2025-02-01,4.1
NY,2025-03-01,4.1
NY,2025-04-01,4.1
NY,2025-05-01,4.2
NY,2025-06-01,4.3
NY,2025-07-01,4.4
NY,2025-08-01,4.5
NY,2025-09-01,4.6
NY,2025-10-01,
NY,2025-11-01,4.6
NY,2025-12-01,4.6
NY,2026-01-01,4.6
NY,2026-02-01,4.6
NY,2026-03-01,4.6
NY,2026-04-01,4.6
NY,2026-05-01,4.6
NY,2026-06-01,4.6
NC,2015-01-01,5.7
NC,2015-02-01,5.7
NC,2015-03-01,5.8
NC,2015-04-01,5.8
NC,2015-05-01,5.8
NC,2015-06-01,5.8
NC,2015-07-01,5.7
NC,2015-08-01,5.7
NC,2015-09-01,5.6
NC,2015-10-01,5.5
NC,2015-11-01,5.4
NC,2015-12-01,5.4
NC,2016-01-01,5.3
NC,2016-02-01,5.2
NC,2016-03-01,5.2
NC,2016-04-01,5.1
NC,2016-05-01,5.0
NC,2016-06-01,5.0
NC,2016-07-01,5.0
NC,2016-08-01,5.1
NC,2016-09-01,5.1
NC,2016-10-01,5.1
NC,2016-11-01,5.1
NC,2016-12-01,5.0
NC,2017-01-01,4.9
NC,2017-02-01,4.8
NC,2017-03-01,4.7
NC,2017-04-01,4.6
NC,2017-05-01,4.5
NC,2017-06-01,4.5
NC,2017-07-01,4.5
NC,2017-08-01,4.5
NC,2017-09-01,4.5
NC,2017-10-01,4.4
NC,2017-11-01,4.4
NC,2017-12-01,4.3
NC,2018-01-01,4.2
NC,2018-02-01,4.2
NC,2018-03-01,4.1
NC,2018-04-01,4.0
NC,2018-05-01,3.9
NC,2018-06-01,3.9
NC,2018-07-01,3.9
NC,2018-08-01,3.9
NC,2018-09-01,4.0
NC,2018-10-01,4.0
NC,2018-11-01,4.0
NC,2018-12-01,4.0
NC,2019-01-01,4.0
NC,2019-02-01,4.0
NC,2019-03-01,3.9
NC,2019-04-01,3.9
NC,2019-05-01,3.8
NC,2019-06-01,3.9
NC,2019-07-01,3.9
NC,2019-08-01,3.9
NC,2019-09-01,3.9
NC,2019-10-01,3.8
NC,2019-11-01,3.8
NC,2019-12-01,3.7
NC,2020-01-01,3.8
NC,2020-02-01,3.8
NC,2020-03-01,4.0
NC,2020-04-01,14.2
NC,2020-05-01,11.6
NC,2020-06-01,9.8
NC,2020-07-01,8.7
NC,2020-08-01,7.4
NC,2020-09-01,6.8
NC,2020-10-01,6.1
NC,2020-11-01,5.9
NC,2020-12-01,5.8
NC,2021-01-01,5.6
NC,2021-02-01,5.5
NC,2021-03-01,5.4
NC,2021-04-01,5.3
NC,2021-05-01,5.1
NC,2021-06-01,5.1
NC,2021-07-01,4.9
NC,2021-08-01,4.7
NC,2021-09-01,4.5
NC,2021-10-01,4.2
NC,2021-11-01,4.0
NC,2021-12-01,3.8
NC,2022-01-01,3.7
NC,2022-02-01,3.6
NC,2022-03-01,3.6
NC,2022-04-01,3.6
NC,2022-05-01,3.6
NC,2022-06-01,3.7
NC,2022-07-01,3.7
NC,2022-08-01,3.8
NC,2022-09-01,3.8
NC,2022-10-01,3.7
NC,2022-11-01,3.7
NC,2022-12-01,3.6
NC,2023-01-01,3.6
NC,2023-02-01,3.5
NC,2023-03-01,3.5
NC,2023-04-01,3.4
NC,2023-05-01,3.4
NC,2023-06-01,3.4
NC,2023-07-01,3.4
NC,2023-08-01,3.5
NC,2023-09-01,3.5
NC,2023-10-01,3.5
NC,2023-11-01,3.5
NC,2023-12-01,3.5
NC,2024-01-01,3.5
NC,2024-02-01,3.5
NC,2024-03-01,3.6
NC,2024-04-01,3.6
NC,2024-05-01,3.6
NC,2024-06-01,3.6
NC,2024-07-01,3.7
NC,2024-08-01,3.7
NC,2024-09-01,3.7
NC,2024-10-01,3.7
NC,2024-11-01,3.7
NC,2024-12-01,3.8
NC,2025-01-01,3.8
NC,2025-02-01,3.8
NC,2025-03-01,3.8
NC,2025-04-01,3.8
NC,2025-05-01,3.8
NC,2025-06-01,3.8
NC,2025-07-01,3.9
NC,2025-08-01,3.9
NC,2025-09-01,3.9
NC,2025-10-01,
NC,2025-11-01,3.8
NC,2025-12-01,3.8
NC,2026-01-01,3.8
NC,2026-02-01,3.8
NC,2026-03-01,3.7
NC,2026-04-01,3.7
NC,2026-05-01,3.7
NC,2026-06-01,3.6
ND,2015-01-01,2.6
ND,2015-02-01,2.7
ND,2015-03-01,2.7
ND,2015-04-01,2.8
ND,2015-05-01,2.8
ND,2015-06-01,2.8
ND,2015-07-01,2.8
ND,2015-08-01,2.8
ND,2015-09-01,2.8
ND,2015-10-01,2.8
ND,2015-11-01,2.8
ND,2015-12-01,2.9
ND,2016-01-01,3.0
ND,2016-02-01,3.1
ND,2016-03-01,3.1
ND,2016-04-01,3.1
ND,2016-05-01,3.1
ND,2016-06-01,3.1
ND,2016-07-01,3.0
ND,2016-08-01,3.0
ND,2016-09-01,3.0
ND,2016-10-01,2.9
ND,2016-11-01,2.9
ND,2016-12-01,2.9
ND,2017-01-01,2.8
ND,2017-02-01,2.8
ND,2017-03-01,2.7
ND,2017-04-01,2.6
ND,2017-05-01,2.5
ND,2017-06-01,2.5
ND,2017-07-01,2.5
ND,2017-08-01,2.5
ND,2017-09-01,2.5
ND,2017-10-01,2.6
ND,2017-11-01,2.6
ND,2017-12-01,2.6
ND,2018-01-01,2.6
ND,2018-02-01,2.6
ND,2018-03-01,2.6
ND,2018-04-01,2.5
ND,2018-05-01,2.4
ND,2018-06-01,2.3
ND,2018-07-01,2.3
ND,2018-08-01,2.2
ND,2018-09-01,2.3
ND,2018-10-01,2.3
ND,2018-11-01,2.3
ND,2018-12-01,2.3
ND,2019-01-01,2.4
ND,2019-02-01,2.3
ND,2019-03-01,2.3
ND,2019-04-01,2.2
ND,2019-05-01,2.1
ND,2019-06-01,2.1
ND,2019-07-01,2.1
ND,2019-08-01,2.1
ND,2019-09-01,2.1
ND,2019-10-01,2.1
ND,2019-11-01,2.0
ND,2019-12-01,2.0
ND,2020-01-01,2.1
ND,2020-02-01,2.2
ND,2020-03-01,2.5
ND,2020-04-01,8.7
ND,2020-05-01,7.3
ND,2020-06-01,6.5
ND,2020-07-01,6.2
ND,2020-08-01,5.6
ND,2020-09-01,5.3
ND,2020-10-01,4.8
ND,2020-11-01,4.5
ND,2020-12-01,4.4
ND,2021-01-01,4.0
ND,2021-02-01,3.9
ND,2021-03-01,3.7
ND,2021-04-01,3.5
ND,2021-05-01,3.3
ND,2021-06-01,3.1
ND,2021-07-01,3.0
ND,2021-08-01,2.8
ND,2021-09-01,2.7
ND,2021-10-01,2.5
ND,2021-11-01,2.4
ND,2021-12-01,2.3
ND,2022-01-01,2.3
ND,2022-02-01,2.2
ND,2022-03-01,2.1
ND,2022-04-01,2.1
ND,2022-05-01,2.0
ND,2022-06-01,2.0
ND,2022-07-01,2.1
ND,2022-08-01,2.1
ND,2022-09-01,2.1
ND,2022-10-01,2.2
ND,2022-11-01,2.2
ND,2022-12-01,2.1
ND,2023-01-01,2.1
ND,2023-02-01,2.1
ND,2023-03-01,2.0
ND,2023-04-01,2.0
ND,2023-05-01,2.0
ND,2023-06-01,2.0
ND,2023-07-01,2.0
ND,2023-08-01,2.0
ND,2023-09-01,2.1
ND,2023-10-01,2.1
ND,2023-11-01,2.2
ND,2023-12-01,2.2
ND,2024-01-01,2.2
ND,2024-02-01,2.2
ND,2024-03-01,2.3
ND,2024-04-01,2.3
ND,2024-05-01,2.4
ND,2024-06-01,2.4
ND,2024-07-01,2.5
ND,2024-08-01,2.5
ND,2024-09-01,2.5
ND,2024-10-01,2.5
ND,2024-11-01,2.5
ND,2024-12-01,2.5
ND,2025-01-01,2.6
ND,2025-02-01,2.6
ND,2025-03-01,2.6
ND,2025-04-01,2.6
ND,2025-05-01,2.6
ND,2025-06-01,2.6
ND,2025-07-01,2.6
ND,2025-08-01,2.6
ND,2025-09-01,2.6
ND,2025-10-01,
ND,2025-11-01,2.6
ND,2025-12-01,2.6
ND,2026-01-01,2.6
ND,2026-02-01,2.6
ND,2026-03-01,2.5
ND,2026-04-01,2.4
ND,2026-05-01,2.4
ND,2026-06-01,2.3
OH,2015-01-01,5.2
OH,2015-02-01,5.2
OH,2015-03-01,5.1
OH,2015-04-01,5.1
OH,2015-05-01,5.0
OH,2015-06-01,4.9
OH,2015-07-01,4.8
OH,2015-08-01,4.8
OH,2015-09-01,4.8
OH,2015-10-01,4.8
OH,2015-11-01,4.9
OH,2015-12-01,4.9
OH,2016-01-01,5.0
OH,2016-02-01,5.0
OH,2016-03-01,5.0
OH,2016-04-01,5.0
OH,2016-05-01,5.0
OH,2016-06-01,5.0
OH,2016-07-01,5.0
OH,2016-08-01,5.0
OH,2016-09-01,5.1
OH,2016-10-01,5.2
OH,2016-11-01,5.2
OH,2016-12-01,5.2
OH,2017-01-01,5.2
OH,2017-02-01,5.1
OH,2017-03-01,5.1
OH,2017-04-01,5.0
OH,2017-05-01,5.0
OH,2017-06-01,5.0
OH,2017-07-01,4.9
OH,2017-08-01,4.9
OH,2017-09-01,4.9
OH,2017-10-01,4.8
OH,2017-11-01,4.7
OH,2017-12-01,4.6
OH,2018-01-01,4.6
OH,2018-02-01,4.5
OH,2018-03-01,4.5
OH,2018-04-01,4.5
OH,2018-05-01,4.5
OH,2018-06-01,4.4
OH,2018-07-01,4.4
OH,2018-08-01,4.4
OH,2018-09-01,4.4
OH,2018-10-01,4.5
OH,2018-11-01,4.5
OH,2018-12-01,4.5
OH,2019-01-01,4.4
OH,2019-02-01,4.2
OH,2019-03-01,4.0
OH,2019-04-01,3.9
OH,2019-05-01,3.9
OH,2019-06-01,3.9
OH,2019-07-01,4.0
OH,2019-08-01,4.1
OH,2019-09-01,4.2
OH,2019-10-01,4.3
OH,2019-11-01,4.3
OH,2019-12-01,4.3
OH,2020-01-01,4.4
OH,2020-02-01,4.5
OH,2020-03-01,4.8
OH,2020-04-01,16.5
OH,2020-05-01,12.8
OH,2020-06-01,11.0
OH,2020-07-01,9.8
OH,2020-08-01,8.3
OH,2020-09-01,7.6
OH,2020-10-01,6.7
OH,2020-11-01,6.4
OH,2020-12-01,6.3
OH,2021-01-01,6.1
OH,2021-02-01,6.0
OH,2021-03-01,6.0
OH,2021-04-01,5.9
OH,2021-05-01,5.7
OH,2021-06-01,5.5
OH,2021-07-01,5.3
OH,2021-08-01,5.0
OH,2021-09-01,4.7
OH,2021-10-01,4.5
OH,2021-11-01,4.3
OH,2021-12-01,4.1
OH,2022-01-01,4.0
OH,2022-02-01,3.9
OH,2022-03-01,3.9
OH,2022-04-01,3.8
OH,2022-05-01,3.9
OH,2022-06-01,3.9
OH,2022-07-01,4.0
OH,2022-08-01,4.1
OH,2022-09-01,4.1
OH,2022-10-01,4.1
OH,2022-11-01,4.0
OH,2022-12-01,3.9
OH,2023-01-01,3.8
OH,2023-02-01,3.6
OH,2023-03-01,3.5
OH,2023-04-01,3.5
OH,2023-05-01,3.4
OH,2023-06-01,3.5
OH,2023-07-01,3.6
OH,2023-08-01,3.7
OH,2023-09-01,3.8
OH,2023-10-01,3.8
OH,2023-11-01,3.9
OH,2023-12-01,3.9
OH,2024-01-01,3.9
OH,2024-02-01,4.0
OH,2024-03-01,4.1
OH,2024-04-01,4.2
OH,2024-05-01,4.3
OH,2024-06-01,4.3
OH,2024-07-01,4.4
OH,2024-08-01,4.4
OH,2024-09-01,4.5
OH,2024-10-01,4.6
OH,2024-11-01,4.7
OH,2024-12-01,4.8
OH,2025-01-01,4.8
OH,2025-02-01,4.9
OH,2025-03-01,4.8
OH,2025-04-01,4.8
OH,2025-05-01,4.7
OH,2025-06-01,4.6
OH,2025-07-01,4.5
OH,2025-08-01,4.4
OH,2025-09-01,4.3
OH,2025-10-01,
OH,2025-11-01,4.3
OH,2025-12-01,4.4
OH,2026-01-01,4.3
OH,2026-02-01,4.2
OH,2026-03-01,4.1
OH,2026-04-01,3.9
OH,2026-05-01,3.7
OH,2026-06-01,3.6
OK,2015-01-01,4.0
OK,2015-02-01,4.1
OK,2015-03-01,4.2
OK,2015-04-01,4.3
OK,2015-05-01,4.3
OK,2015-06-01,4.4
OK,2015-07-01,4.4
OK,2015-08-01,4.3
OK,2015-09-01,4.3
OK,2015-10-01,4.3
OK,2015-11-01,4.4
OK,2015-12-01,4.4
OK,2016-01-01,4.5
OK,2016-02-01,4.5
OK,2016-03-01,4.6
OK,2016-04-01,4.6
OK,2016-05-01,4.7
OK,2016-06-01,4.8
OK,2016-07-01,4.8
OK,2016-08-01,4.8
OK,2016-09-01,4.7
OK,2016-10-01,4.7
OK,2016-11-01,4.6
OK,2016-12-01,4.5
OK,2017-01-01,4.4
OK,2017-02-01,4.3
OK,2017-03-01,4.2
OK,2017-04-01,4.1
OK,2017-05-01,4.0
OK,2017-06-01,4.0
OK,2017-07-01,4.0
OK,2017-08-01,4.0
OK,2017-09-01,3.9
OK,2017-10-01,3.9
OK,2017-11-01,3.8
OK,2017-12-01,3.8
OK,2018-01-01,3.7
OK,2018-02-01,3.6
OK,2018-03-01,3.5
OK,2018-04-01,3.4
OK,2018-05-01,3.3
OK,2018-06-01,3.2
OK,2018-07-01,3.1
OK,2018-08-01,3.1
OK,2018-09-01,3.1
OK,2018-10-01,3.1
OK,2018-11-01,3.2
OK,2018-12-01,3.2
OK,2019-01-01,3.2
OK,2019-02-01,3.2
OK,2019-03-01,3.1
OK,2019-04-01,3.1
OK,2019-05-01,3.0
OK,2019-06-01,3.0
OK,2019-07-01,3.1
OK,2019-08-01,3.1
OK,2019-09-01,3.2
OK,2019-10-01,3.2
OK,2019-11-01,3.1
OK,2019-12-01,3.1
OK,2020-01-01,3.1
OK,2020-02-01,3.2
OK,2020-03-01,3.2
OK,2020-04-01,12.5
OK,2020-05-01,9.8
OK,2020-06-01,8.2
OK,2020-07-01,7.4
OK,2020-08-01,6.3
OK,2020-09-01,5.9
OK,2020-10-01,5.5
OK,2020-11-01,5.3
OK,2020-12-01,5.2
OK,2021-01-01,5.0
OK,2021-02-01,4.9
OK,2021-03-01,4.8
OK,2021-04-01,4.7
OK,2021-05-01,4.5
OK,2021-06-01,4.3
OK,2021-07-01,4.0
OK,2021-08-01,3.7
OK,2021-09-01,3.4
OK,2021-10-01,3.1
OK,2021-11-01,2.9
OK,2021-12-01,2.9
OK,2022-01-01,2.9
OK,2022-02-01,2.9
OK,2022-03-01,2.9
OK,2022-04-01,2.9
OK,2022-05-01,3.0
OK,2022-06-01,3.0
OK,2022-07-01,3.1
OK,2022-08-01,3.1
OK,2022-09-01,3.1
OK,2022-10-01,3.1
OK,2022-11-01,3.1
OK,2022-12-01,3.0
OK,2023-01-01,3.0
OK,2023-02-01,3.0
OK,2023-03-01,2.9
OK,2023-04-01,2.9
OK,2023-05-01,3.0
OK,2023-06-01,3.0
OK,2023-07-01,3.1
OK,2023-08-01,3.2
OK,2023-09-01,3.3
OK,2023-10-01,3.4
OK,2023-11-01,3.4
OK,2023-12-01,3.4
OK,2024-01-01,3.3
OK,2024-02-01,3.3
OK,2024-03-01,3.3
OK,2024-04-01,3.3
OK,2024-05-01,3.2
OK,2024-06-01,3.2
OK,2024-07-01,3.2
OK,2024-08-01,3.2
OK,2024-09-01,3.1
OK,2024-10-01,3.1
OK,2024-11-01,3.1
OK,2024-12-01,3.1
OK,2025-01-01,3.1
OK,2025-02-01,3.1
OK,2025-03-01,3.1
OK,2025-04-01,3.1
OK,2025-05-01,3.1
OK,2025-06-01,3.2
OK,2025-07-01,3.3
OK,2025-08-01,3.4
OK,2025-09-01,3.6
OK,2025-10-01,
OK,2025-11-01,3.7
OK,2025-12-01,3.7
OK,2026-01-01,3.9
OK,2026-02-01,3.9
OK,2026-03-01,3.9
OK,2026-04-01,4.0
OK,2026-05-01,4.1
OK,2026-06-01,4.2
OR,2015-01-01,5.8
OR,2015-02-01,5.8
OR,2015-03-01,5.7
OR,2015-04-01,5.6
OR,2015-05-01,5.6
OR,2015-06-01,5.5
OR,2015-07-01,5.5
OR,2015-08-01,5.4
OR,2015-09-01,5.3
OR,2015-10-01,5.2
OR,2015-11-01,5.1
OR,2015-12-01,5.0
OR,2016-01-01,5.0
OR,2016-02-01,4.9
OR,2016-03-01,4.9
OR,2016-04-01,4.9
OR,2016-05-01,4.9
OR,2016-06-01,4.9
OR,2016-07-01,4.9
OR,2016-08-01,4.8
OR,2016-09-01,4.7
OR,2016-10-01,4.5
OR,2016-11-01,4.4
OR,2016-12-01,4.2
OR,2017-01-01,4.1
OR,2017-02-01,4.0
OR,2017-03-01,4.0
OR,2017-04-01,3.9
OR,2017-05-01,4.0
OR,2017-06-01,4.0
OR,2017-07-01,4.1
OR,2017-08-01,4.1
OR,2017-09-01,4.1
OR,2017-10-01,4.2
OR,2017-11-01,4.2
OR,2017-12-01,4.1
OR,2018-01-01,4.1
OR,2018-02-01,4.1
OR,2018-03-01,4.0
OR,2018-04-01,3.9
OR,2018-05-01,3.9
OR,2018-06-01,3.8
OR,2018-07-01,3.9
OR,2018-08-01,3.9
OR,2018-09-01,4.1
OR,2018-10-01,4.2
OR,2018-11-01,4.2
OR,2018-12-01,4.3
OR,2019-01-01,4.2
OR,2019-02-01,4.1
OR,2019-03-01,4.0
OR,2019-04-01,3.9
OR,2019-05-01,3.8
OR,2019-06-01,3.7
OR,2019-07-01,3.7
OR,2019-08-01,3.6
OR,2019-09-01,3.5
OR,2019-10-01,3.4
OR,2019-11-01,3.4
OR,2019-12-01,3.4
OR,2020-01-01,3.4
OR,2020-02-01,3.6
OR,2020-03-01,3.7
OR,2020-04-01,13.7
OR,2020-05-01,11.8
OR,2020-06-01,10.2
OR,2020-07-01,9.2
OR,2020-08-01,7.9
OR,2020-09-01,7.5
OR,2020-10-01,6.8
OR,2020-11-01,6.6
OR,2020-12-01,6.5
OR,2021-01-01,6.3
OR,2021-02-01,6.2
OR,2021-03-01,6.1
OR,2021-04-01,5.9
OR,2021-05-01,5.6
OR,2021-06-01,5.4
OR,2021-07-01,5.0
OR,2021-08-01,4.7
OR,2021-09-01,4.4
OR,2021-10-01,4.2
OR,2021-11-01,4.0
OR,2021-12-01,4.0
OR,2022-01-01,3.9
OR,2022-02-01,3.8
OR,2022-03-01,3.7
OR,2022-04-01,3.8
OR,2022-05-01,3.8
OR,2022-06-01,3.9
OR,2022-07-01,3.9
OR,2022-08-01,4.0
OR,2022-09-01,4.1
OR,2022-10-01,4.2
OR,2022-11-01,4.2
OR,2022-12-01,4.0
OR,2023-01-01,3.9
OR,2023-02-01,3.7
OR,2023-03-01,3.6
OR,2023-04-01,3.6
OR,2023-05-01,3.6
OR,2023-06-01,3.7
OR,2023-07-01,3.7
OR,2023-08-01,3.8
OR,2023-09-01,3.9
OR,2023-10-01,3.9
OR,2023-11-01,4.0
OR,2023-12-01,4.1
OR,2024-01-01,4.1
OR,2024-02-01,4.1
OR,2024-03-01,4.2
OR,2024-04-01,4.2
OR,2024-05-01,4.2
OR,2024-06-01,4.2
OR,2024-07-01,4.2
OR,2024-08-01,4.3
OR,2024-09-01,4.4
OR,2024-10-01,4.4
OR,2024-11-01,4.5
OR,2024-12-01,4.7
OR,2025-01-01,4.8
OR,2025-02-01,4.9
OR,2025-03-01,5.0
OR,2025-04-01,5.1
OR,2025-05-01,5.2
OR,2025-06-01,5.2
OR,2025-07-01,5.3
OR,2025-08-01,5.3
OR,2025-09-01,5.3
OR,2025-10-01,
OR,2025-11-01,5.3
OR,2025-12-01,5.3
OR,2026-01-01,5.2
OR,2026-02-01,5.2
OR,2026-03-01,5.2
OR,2026-04-01,5.2
OR,2026-05-01,5.2
OR,2026-06-01,5.2
PA,2015-01-01,5.5
PA,2015-02-01,5.6
PA,2015-03-01,5.6
PA,2015-04-01,5.5
PA,2015-05-01,5.5
PA,2015-06-01,5.4
PA,2015-07-01,5.4
PA,2015-08-01,5.3
PA,2015-09-01,5.3
PA,2015-10-01,5.3
PA,2015-11-01,5.3
PA,2015-12-01,5.3
PA,2016-01-01,5.3
PA,2016-02-01,5.3
PA,2016-03-01,5.3
PA,2016-04-01,5.4
PA,2016-05-01,5.4
PA,2016-06-01,5.4
PA,2016-07-01,5.4
PA,2016-08-01,5.4
PA,2016-09-01,5.3
PA,2016-10-01,5.3
PA,2016-11-01,5.3
PA,2016-12-01,5.2
PA,2017-01-01,5.2
PA,2017-02-01,5.1
PA,2017-03-01,5.1
PA,2017-04-01,5.0
PA,2017-05-01,5.0
PA,2017-06-01,4.9
PA,2017-07-01,4.9
PA,2017-08-01,4.9
PA,2017-09-01,4.9
PA,2017-10-01,4.9
PA,2017-11-01,4.9
PA,2017-12-01,4.9
PA,2018-01-01,4.8
PA,2018-02-01,4.7
PA,2018-03-01,4.6
PA,2018-04-01,4.5
PA,2018-05-01,4.4
PA,2018-06-01,4.3
PA,2018-07-01,4.3
PA,2018-08-01,4.2
PA,2018-09-01,4.2
PA,2018-10-01,4.3
PA,2018-11-01,4.3
PA,2018-12-01,4.3
PA,2019-01-01,4.3
PA,2019-02-01,4.3
PA,2019-03-01,4.3
PA,2019-04-01,4.2
PA,2019-05-01,4.2
PA,2019-06-01,4.2
PA,2019-07-01,4.2
PA,2019-08-01,4.2
PA,2019-09-01,4.3
PA,2019-10-01,4.3
PA,2019-11-01,4.3
PA,2019-12-01,4.4
PA,2020-01-01,4.4
PA,2020-02-01,4.6
PA,2020-03-01,4.8
PA,2020-04-01,16.1
PA,2020-05-01,12.9
PA,2020-06-01,11.3
PA,2020-07-01,10.4
PA,2020-08-01,9.3
PA,2020-09-01,8.7
PA,2020-10-01,8.1
PA,2020-11-01,7.8
PA,2020-12-01,7.6
PA,2021-01-01,7.4
PA,2021-02-01,7.1
PA,2021-03-01,6.8
PA,2021-04-01,6.6
PA,2021-05-01,6.3
PA,2021-06-01,6.2
PA,2021-07-01,5.9
PA,2021-08-01,5.6
PA,2021-09-01,5.3
PA,2021-10-01,5.0
PA,2021-11-01,4.7
PA,2021-12-01,4.5
PA,2022-01-01,4.3
PA,2022-02-01,4.3
PA,2022-03-01,4.2
PA,2022-04-01,4.2
PA,2022-05-01,4.2
PA,2022-06-01,4.2
PA,2022-07-01,4.2
PA,2022-08-01,4.1
PA,2022-09-01,4.1
PA,2022-10-01,4.0
PA,2022-11-01,4.0
PA,2022-12-01,3.9
PA,2023-01-01,3.9
PA,2023-02-01,3.8
PA,2023-03-01,3.7
PA,2023-04-01,3.6
PA,2023-05-01,3.6
PA,2023-06-01,3.5
PA,2023-07-01,3.5
PA,2023-08-01,3.6
PA,2023-09-01,3.6
PA,2023-10-01,3.7
PA,2023-11-01,3.7
PA,2023-12-01,3.7
PA,2024-01-01,3.7
PA,2024-02-01,3.7
PA,2024-03-01,3.7
PA,2024-04-01,3.7
PA,2024-05-01,3.7
PA,2024-06-01,3.8
PA,2024-07-01,3.8
PA,2024-08-01,3.8
PA,2024-09-01,3.9
PA,2024-10-01,3.9
PA,2024-11-01,4.0
PA,2024-12-01,4.0
PA,2025-01-01,4.1
PA,2025-02-01,4.1
PA,2025-03-01,4.2
PA,2025-04-01,4.2
PA,2025-05-01,4.2
PA,2025-06-01,4.3
PA,2025-07-01,4.4
PA,2025-08-01,4.4
PA,2025-09-01,4.4
PA,2025-10-01,
PA,2025-11-01,4.4
PA,2025-12-01,4.4
PA,2026-01-01,4.3
PA,2026-02-01,4.2
PA,2026-03-01,4.2
PA,2026-04-01,4.2
PA,2026-05-01,4.2
PA,2026-06-01,4.1
RI,2015-01-01,6.5
RI,2015-02-01,6.4
RI,2015-03-01,6.4
RI,2015-04-01,6.3
RI,2015-05-01,6.2
RI,2015-06-01,6.0
RI,2015-07-01,5.9
RI,2015-08-01,5.8
RI,2015-09-01,5.7
RI,2015-10-01,5.7
RI,2015-11-01,5.7
RI,2015-12-01,5.6
RI,2016-01-01,5.6
RI,2016-02-01,5.5
RI,2016-03-01,5.5
RI,2016-04-01,5.4
RI,2016-05-01,5.4
RI,2016-06-01,5.3
RI,2016-07-01,5.3
RI,2016-08-01,5.2
RI,2016-09-01,5.1
RI,2016-10-01,5.0
RI,2016-11-01,4.9
RI,2016-12-01,4.7
RI,2017-01-01,4.6
RI,2017-02-01,4.5
RI,2017-03-01,4.5
RI,2017-04-01,4.4
RI,2017-05-01,4.4
RI,2017-06-01,4.4
RI,2017-07-01,4.4
RI,2017-08-01,4.5
RI,2017-09-01,4.5
RI,2017-10-01,4.5
RI,2017-11-01,4.5
RI,2017-12-01,4.5
RI,2018-01-01,4.5
RI,2018-02-01,4.4
RI,2018-03-01,4.3
RI,2018-04-01,4.1
RI,2018-05-01,4.0
RI,2018-06-01,4.0
RI,2018-07-01,3.9
RI,2018-08-01,3.9
RI,2018-09-01,3.9
RI,2018-10-01,3.9
RI,2018-11-01,3.9
RI,2018-12-01,3.8
RI,2019-01-01,3.8
RI,2019-02-01,3.7
RI,2019-03-01,3.6
RI,2019-04-01,3.5
RI,2019-05-01,3.5
RI,2019-06-01,3.5
RI,2019-07-01,3.5
RI,2019-08-01,3.5
RI,2019-09-01,3.5
RI,2019-10-01,3.4
RI,2019-11-01,3.4
RI,2019-12-01,3.4
RI,2020-01-01,3.5
RI,2020-02-01,3.6
RI,2020-03-01,3.7
RI,2020-04-01,17.9
RI,2020-05-01,15.4
RI,2020-06-01,13.4
RI,2020-07-01,12.2
RI,2020-08-01,10.4
RI,2020-09-01,10.0
RI,2020-10-01,7.0
RI,2020-11-01,7.0
RI,2020-12-01,7.0
RI,2021-01-01,6.6
RI,2021-02-01,6.4
RI,2021-03-01,6.2
RI,2021-04-01,6.2
RI,2021-05-01,6.1
RI,2021-06-01,6.1
RI,2021-07-01,5.9
RI,2021-08-01,5.6
RI,2021-09-01,5.1
RI,2021-10-01,4.6
RI,2021-11-01,4.1
RI,2021-12-01,3.7
RI,2022-01-01,3.5
RI,2022-02-01,3.3
RI,2022-03-01,3.2
RI,2022-04-01,3.1
RI,2022-05-01,3.1
RI,2022-06-01,3.2
RI,2022-07-01,3.3
RI,2022-08-01,3.4
RI,2022-09-01,3.3
RI,2022-10-01,3.2
RI,2022-11-01,3.1
RI,2022-12-01,3.0
RI,2023-01-01,2.9
RI,2023-02-01,2.8
RI,2023-03-01,2.7
RI,2023-04-01,2.7
RI,2023-05-01,2.7
RI,2023-06-01,2.7
RI,2023-07-01,2.7
RI,2023-08-01,2.9
RI,2023-09-01,3.1
RI,2023-10-01,3.3
RI,2023-11-01,3.5
RI,2023-12-01,3.7
RI,2024-01-01,3.8
RI,2024-02-01,3.9
RI,2024-03-01,4.0
RI,2024-04-01,4.1
RI,2024-05-01,4.2
RI,2024-06-01,4.3
RI,2024-07-01,4.4
RI,2024-08-01,4.4
RI,2024-09-01,4.4
RI,2024-10-01,4.5
RI,2024-11-01,4.5
RI,2024-12-01,4.5
RI,2025-01-01,4.5
RI,2025-02-01,4.5
RI,2025-03-01,4.5
RI,2025-04-01,4.4
RI,2025-05-01,4.4
RI,2025-06-01,4.3
RI,2025-07-01,4.2
RI,2025-08-01,4.3
RI,2025-09-01,4.3
RI,2025-10-01,
RI,2025-11-01,4.4
RI,2025-12-01,4.4
RI,2026-01-01,4.5
RI,2026-02-01,4.6
RI,2026-03-01,4.7
RI,2026-04-01,4.5
RI,2026-05-01,4.3
RI,2026-06-01,4.1
SC,2015-01-01,6.4
SC,2015-02-01,6.4
SC,2015-03-01,6.3
SC,2015-04-01,6.2
SC,2015-05-01,6.1
SC,2015-06-01,6.0
SC,2015-07-01,5.8
SC,2015-08-01,5.7
SC,2015-09-01,5.6
SC,2015-10-01,5.5
SC,2015-11-01,5.4
SC,2015-12-01,5.4
SC,2016-01-01,5.3
SC,2016-02-01,5.3
SC,2016-03-01,5.2
SC,2016-04-01,5.1
SC,2016-05-01,5.1
SC,2016-06-01,5.0
SC,2016-07-01,4.9
SC,2016-08-01,4.7
SC,2016-09-01,4.7
SC,2016-10-01,4.6
SC,2016-11-01,4.5
SC,2016-12-01,4.4
SC,2017-01-01,4.4
SC,2017-02-01,4.3
SC,2017-03-01,4.2
SC,2017-04-01,4.2
SC,2017-05-01,4.1
SC,2017-06-01,4.1
SC,2017-07-01,4.2
SC,2017-08-01,4.2
SC,2017-09-01,4.2
SC,2017-10-01,4.2
SC,2017-11-01,4.2
SC,2017-12-01,4.0
SC,2018-01-01,3.9
SC,2018-02-01,3.7
SC,2018-03-01,3.5
SC,2018-04-01,3.3
SC,2018-05-01,3.2
SC,2018-06-01,3.2
SC,2018-07-01,3.3
SC,2018-08-01,3.3
SC,2018-09-01,3.3
SC,2018-10-01,3.3
SC,2018-11-01,3.2
SC,2018-12-01,3.2
SC,2019-01-01,3.2
SC,2019-02-01,3.2
SC,2019-03-01,3.1
SC,2019-04-01,3.1
SC,2019-05-01,2.9
SC,2019-06-01,2.7
SC,2019-07-01,2.6
SC,2019-08-01,2.5
SC,2019-09-01,2.4
SC,2019-10-01,2.4
SC,2019-11-01,2.5
SC,2019-12-01,2.6
SC,2020-01-01,2.8
SC,2020-02-01,2.9
SC,2020-03-01,3.1
SC,2020-04-01,11.7
SC,2020-05-01,9.3
SC,2020-06-01,7.8
SC,2020-07-01,7.1
SC,2020-08-01,6.2
SC,2020-09-01,5.8
SC,2020-10-01,5.3
SC,2020-11-01,5.1
SC,2020-12-01,4.9
SC,2021-01-01,4.6
SC,2021-02-01,4.5
SC,2021-03-01,4.3
SC,2021-04-01,4.2
SC,2021-05-01,4.1
SC,2021-06-01,4.0
SC,2021-07-01,3.9
SC,2021-08-01,3.8
SC,2021-09-01,3.6
SC,2021-10-01,3.5
SC,2021-11-01,3.4
SC,2021-12-01,3.3
SC,2022-01-01,3.3
SC,2022-02-01,3.2
SC,2022-03-01,3.2
SC,2022-04-01,3.2
SC,2022-05-01,3.2
SC,2022-06-01,3.2
SC,2022-07-01,3.2
SC,2022-08-01,3.2
SC,2022-09-01,3.2
SC,2022-10-01,3.2
SC,2022-11-01,3.2
SC,2022-12-01,3.1
SC,2023-01-01,3.1
SC,2023-02-01,3.0
SC,2023-03-01,3.0
SC,2023-04-01,2.9
SC,2023-05-01,2.8
SC,2023-06-01,2.8
SC,2023-07-01,2.8
SC,2023-08-01,2.8
SC,2023-09-01,2.9
SC,2023-10-01,3.0
SC,2023-11-01,3.2
SC,2023-12-01,3.3
SC,2024-01-01,3.4
SC,2024-02-01,3.6
SC,2024-03-01,3.7
SC,2024-04-01,3.9
SC,2024-05-01,4.1
SC,2024-06-01,4.3
SC,2024-07-01,4.4
SC,2024-08-01,4.5
SC,2024-09-01,4.5
SC,2024-10-01,4.4
SC,2024-11-01,4.3
SC,2024-12-01,4.2
SC,2025-01-01,4.1
SC,2025-02-01,4.1
SC,2025-03-01,4.2
SC,2025-04-01,4.2
SC,2025-05-01,4.3
SC,2025-06-01,4.4
SC,2025-07-01,4.4
SC,2025-08-01,4.6
SC,2025-09-01,4.7
SC,2025-10-01,
SC,2025-11-01,4.8
SC,2025-12-01,4.8
SC,2026-01-01,4.9
SC,2026-02-01,5.0
SC,2026-03-01,4.9
SC,2026-04-01,4.8
SC,2026-05-01,4.6
SC,2026-06-01,4.4
SD,2015-01-01,3.2
SD,2015-02-01,3.2
SD,2015-03-01,3.1
SD,2015-04-01,3.1
SD,2015-05-01,3.1
SD,2015-06-01,3.1
SD,2015-07-01,3.0
SD,2015-08-01,3.0
SD,2015-09-01,2.9
SD,2015-10-01,2.9
SD,2015-11-01,2.9
SD,2015-12-01,2.8
SD,2016-01-01,2.8
SD,2016-02-01,2.8
SD,2016-03-01,2.8
SD,2016-04-01,2.9
SD,2016-05-01,2.9
SD,2016-06-01,3.0
SD,2016-07-01,3.1
SD,2016-08-01,3.1
SD,2016-09-01,3.1
SD,2016-10-01,3.2
SD,2016-11-01,3.2
SD,2016-12-01,3.1
SD,2017-01-01,3.1
SD,2017-02-01,3.1
SD,2017-03-01,3.0
SD,2017-04-01,3.0
SD,2017-05-01,3.0
SD,2017-06-01,3.0
SD,2017-07-01,3.0
SD,2017-08-01,3.0
SD,2017-09-01,3.0
SD,2017-10-01,3.0
SD,2017-11-01,3.0
SD,2017-12-01,3.0
SD,2018-01-01,2.9
SD,2018-02-01,2.9
SD,2018-03-01,2.9
SD,2018-04-01,2.8
SD,2018-05-01,2.8
SD,2018-06-01,2.7
SD,2018-07-01,2.7
SD,2018-08-01,2.7
SD,2018-09-01,2.7
SD,2018-10-01,2.7
SD,2018-11-01,2.7
SD,2018-12-01,2.7
SD,2019-01-01,2.8
SD,2019-02-01,2.8
SD,2019-03-01,2.8
SD,2019-04-01,2.8
SD,2019-05-01,2.8
SD,2019-06-01,2.8
SD,2019-07-01,2.8
SD,2019-08-01,2.7
SD,2019-09-01,2.7
SD,2019-10-01,2.7
SD,2019-11-01,2.6
SD,2019-12-01,2.6
SD,2020-01-01,2.5
SD,2020-02-01,2.5
SD,2020-03-01,2.4
SD,2020-04-01,8.8
SD,2020-05-01,6.6
SD,2020-06-01,5.3
SD,2020-07-01,4.7
SD,2020-08-01,3.9
SD,2020-09-01,3.6
SD,2020-10-01,3.3
SD,2020-11-01,3.1
SD,2020-12-01,3.0
SD,2021-01-01,2.8
SD,2021-02-01,2.8
SD,2021-03-01,2.8
SD,2021-04-01,2.8
SD,2021-05-01,2.8
SD,2021-06-01,2.7
SD,2021-07-01,2.6
SD,2021-08-01,2.5
SD,2021-09-01,2.4
SD,2021-10-01,2.3
SD,2021-11-01,2.1
SD,2021-12-01,2.0
SD,2022-01-01,1.9
SD,2022-02-01,1.9
SD,2022-03-01,1.9
SD,2022-04-01,1.9
SD,2022-05-01,1.9
SD,2022-06-01,1.9
SD,2022-07-01,1.9
SD,2022-08-01,2.0
SD,2022-09-01,2.0
SD,2022-10-01,2.0
SD,2022-11-01,1.9
SD,2022-12-01,1.9
SD,2023-01-01,1.8
SD,2023-02-01,1.8
SD,2023-03-01,1.8
SD,2023-04-01,1.8
SD,2023-05-01,1.8
SD,2023-06-01,1.8
SD,2023-07-01,1.8
SD,2023-08-01,1.8
SD,2023-09-01,1.8
SD,2023-10-01,1.8
SD,2023-11-01,1.8
SD,2023-12-01,1.8
SD,2024-01-01,1.8
SD,2024-02-01,1.7
SD,2024-03-01,1.7
SD,2024-04-01,1.8
SD,2024-05-01,1.8
SD,2024-06-01,1.8
SD,2024-07-01,1.8
SD,2024-08-01,1.9
SD,2024-09-01,1.9
SD,2024-10-01,1.9
SD,2024-11-01,1.9
SD,2024-12-01,1.9
SD,2025-01-01,2.0
SD,2025-02-01,2.0
SD,2025-03-01,2.0
SD,2025-04-01,2.0
SD,2025-05-01,2.0
SD,2025-06-01,2.0
SD,2025-07-01,2.0
SD,2025-08-01,2.1
SD,2025-09-01,2.1
SD,2025-10-01,
SD,2025-11-01,2.2
SD,2025-12-01,2.2
SD,2026-01-01,2.2
SD,2026-02-01,2.3
SD,2026-03-01,2.3
SD,2026-04-01,2.2
SD,2026-05-01,2.1
SD,2026-06-01,2.0
TN,2015-01-01,6.1
TN,2015-02-01,6.0
TN,2015-03-01,5.9
TN,2015-04-01,5.8
TN,2015-05-01,5.7
TN,2015-06-01,5.6
TN,2015-07-01,5.5
TN,2015-08-01,5.4
TN,2015-09-01,5.3
TN,2015-10-01,5.1
TN,2015-11-01,5.0
TN,2015-12-01,4.9
TN,2016-01-01,4.8
TN,2016-02-01,4.7
TN,2016-03-01,4.7
TN,2016-04-01,4.7
TN,2016-05-01,4.7
TN,2016-06-01,4.7
TN,2016-07-01,4.7
TN,2016-08-01,4.8
TN,2016-09-01,4.8
TN,2016-10-01,4.8
TN,2016-11-01,4.8
TN,2016-12-01,4.7
TN,2017-01-01,4.5
TN,2017-02-01,4.3
TN,2017-03-01,4.1
TN,2017-04-01,3.9
TN,2017-05-01,3.7
TN,2017-06-01,3.6
TN,2017-07-01,3.5
TN,2017-08-01,3.4
TN,2017-09-01,3.4
TN,2017-10-01,3.4
TN,2017-11-01,3.5
TN,2017-12-01,3.5
TN,2018-01-01,3.5
TN,2018-02-01,3.5
TN,2018-03-01,3.5
TN,2018-04-01,3.5
TN,2018-05-01,3.5
TN,2018-06-01,3.5
TN,2018-07-01,3.5
TN,2018-08-01,3.5
TN,2018-09-01,3.5
TN,2018-10-01,3.5
TN,2018-11-01,3.5
TN,2018-12-01,3.5
TN,2019-01-01,3.5
TN,2019-02-01,3.4
TN,2019-03-01,3.4
TN,2019-04-01,3.4
TN,2019-05-01,3.3
TN,2019-06-01,3.2
TN,2019-07-01,3.2
TN,2019-08-01,3.2
TN,2019-09-01,3.3
TN,2019-10-01,3.3
TN,2019-11-01,3.4
TN,2019-12-01,3.4
TN,2020-01-01,3.4
TN,2020-02-01,3.5
TN,2020-03-01,3.5
TN,2020-04-01,15.7
TN,2020-05-01,12.1
TN,2020-06-01,10.2
TN,2020-07-01,9.0
TN,2020-08-01,7.6
TN,2020-09-01,7.1
TN,2020-10-01,6.3
TN,2020-11-01,5.9
TN,2020-12-01,5.6
TN,2021-01-01,5.3
TN,2021-02-01,5.2
TN,2021-03-01,5.1
TN,2021-04-01,5.0
TN,2021-05-01,4.9
TN,2021-06-01,4.7
TN,2021-07-01,4.4
TN,2021-08-01,4.2
TN,2021-09-01,3.9
TN,2021-10-01,3.7
TN,2021-11-01,3.5
TN,2021-12-01,3.4
TN,2022-01-01,3.4
TN,2022-02-01,3.4
TN,2022-03-01,3.3
TN,2022-04-01,3.3
TN,2022-05-01,3.3
TN,2022-06-01,3.3
TN,2022-07-01,3.3
TN,2022-08-01,3.3
TN,2022-09-01,3.4
TN,2022-10-01,3.4
TN,2022-11-01,3.4
TN,2022-12-01,3.4
TN,2023-01-01,3.4
TN,2023-02-01,3.3
TN,2023-03-01,3.3
TN,2023-04-01,3.2
TN,2023-05-01,3.2
TN,2023-06-01,3.2
TN,2023-07-01,3.2
TN,2023-08-01,3.2
TN,2023-09-01,3.2
TN,2023-10-01,3.3
TN,2023-11-01,3.3
TN,2023-12-01,3.2
TN,2024-01-01,3.2
TN,2024-02-01,3.2
TN,2024-03-01,3.2
TN,2024-04-01,3.2
TN,2024-05-01,3.3
TN,2024-06-01,3.3
TN,2024-07-01,3.4
TN,2024-08-01,3.5
TN,2024-09-01,3.5
TN,2024-10-01,3.6
TN,2024-11-01,3.6
TN,2024-12-01,3.5
TN,2025-01-01,3.5
TN,2025-02-01,3.5
TN,2025-03-01,3.5
TN,2025-04-01,3.5
TN,2025-05-01,3.5
TN,2025-06-01,3.5
TN,2025-07-01,3.5
TN,2025-08-01,3.5
TN,2025-09-01,3.5
TN,2025-10-01,
TN,2025-11-01,3.6
TN,2025-12-01,3.6
TN,2026-01-01,3.5
TN,2026-02-01,3.6
TN,2026-03-01,3.6
TN,2026-04-01,3.6
TN,2026-05-01,3.6
TN,2026-06-01,3.5
TX,2015-01-01,4.5
TX,2015-02-01,4.5
TX,2015-03-01,4.5
TX,2015-04-01,4.4
TX,2015-05-01,4.4
TX,2015-06-01,4.4
TX,2015-07-01,4.4
TX,2015-08-01,4.5
TX,2015-09-01,4.5
TX,2015-10-01,4.5
TX,2015-11-01,4.5
TX,2015-12-01,4.5
TX,2016-01-01,4.5
TX,2016-02-01,4.5
TX,2016-03-01,4.5
TX,2016-04-01,4.5
TX,2016-05-01,4.6
TX,2016-06-01,4.7
TX,2016-07-01,4.7
TX,2016-08-01,4.8
TX,2016-09-01,4.8
TX,2016-10-01,4.8
TX,2016-11-01,4.8
TX,2016-12-01,4.8
TX,2017-01-01,4.8
TX,2017-02-01,4.7
TX,2017-03-01,4.7
TX,2017-04-01,4.6
TX,2017-05-01,4.4
TX,2017-06-01,4.3
TX,2017-07-01,4.2
TX,2017-08-01,4.2
TX,2017-09-01,4.1
TX,2017-10-01,4.1
TX,2017-11-01,4.1
TX,2017-12-01,4.1
TX,2018-01-01,4.1
TX,2018-02-01,4.1
TX,2018-03-01,4.0
TX,2018-04-01,4.0
TX,2018-05-01,4.0
TX,2018-06-01,3.9
TX,2018-07-01,3.9
TX,2018-08-01,3.8
TX,2018-09-01,3.8
TX,2018-10-01,3.8
TX,2018-11-01,3.8
TX,2018-12-01,3.8
TX,2019-01-01,3.7
TX,2019-02-01,3.7
TX,2019-03-01,3.6
TX,2019-04-01,3.5
TX,2019-05-01,3.4
TX,2019-06-01,3.4
TX,2019-07-01,3.5
TX,2019-08-01,3.5
TX,2019-09-01,3.5
TX,2019-10-01,3.5
TX,2019-11-01,3.5
TX,2019-12-01,3.5
TX,2020-01-01,3.5
TX,2020-02-01,3.6
TX,2020-03-01,5.0
TX,2020-04-01,12.8
TX,2020-05-01,11.7
TX,2020-06-01,10.1
TX,2020-07-01,9.3
TX,2020-08-01,8.0
TX,2020-09-01,7.7
TX,2020-10-01,7.1
TX,2020-11-01,7.0
TX,2020-12-01,6.9
TX,2021-01-01,6.8
TX,2021-02-01,6.6
TX,2021-03-01,6.4
TX,2021-04-01,6.2
TX,2021-05-01,6.0
TX,2021-06-01,5.8
TX,2021-07-01,5.6
TX,2021-08-01,5.3
TX,2021-09-01,5.0
TX,2021-10-01,4.8
TX,2021-11-01,4.6
TX,2021-12-01,4.5
TX,2022-01-01,4.3
TX,2022-02-01,4.1
TX,2022-03-01,4.0
TX,2022-04-01,3.9
TX,2022-05-01,3.8
TX,2022-06-01,3.8
TX,2022-07-01,3.8
TX,2022-08-01,3.7
TX,2022-09-01,3.8
TX,2022-10-01,3.9
TX,2022-11-01,4.0
TX,2022-12-01,4.1
TX,2023-01-01,4.1
TX,2023-02-01,4.1
TX,2023-03-01,4.1
TX,2023-04-01,4.0
TX,2023-05-01,4.0
TX,2023-06-01,4.0
TX,2023-07-01,4.0
TX,2023-08-01,4.0
TX,2023-09-01,4.0
TX,2023-10-01,4.0
TX,2023-11-01,4.0
TX,2023-12-01,4.0
TX,2024-01-01,4.0
TX,2024-02-01,4.0
TX,2024-03-01,4.0
TX,2024-04-01,4.1
TX,2024-05-01,4.1
TX,2024-06-01,4.1
TX,2024-07-01,4.2
TX,2024-08-01,4.2
TX,2024-09-01,4.2
TX,2024-10-01,4.2
TX,2024-11-01,4.2
TX,2024-12-01,4.1
TX,2025-01-01,4.1
TX,2025-02-01,4.1
TX,2025-03-01,4.1
TX,2025-04-01,4.1
TX,2025-05-01,4.1
TX,2025-06-01,4.1
TX,2025-07-01,4.2
TX,2025-08-01,4.2
TX,2025-09-01,4.3
TX,2025-10-01,
TX,2025-11-01,4.3
TX,2025-12-01,4.3
TX,2026-01-01,4.3
TX,2026-02-01,4.3
TX,2026-03-01,4.3
TX,2026-04-01,4.3
TX,2026-05-01,4.3
TX,2026-06-01,4.4
UT,2015-01-01,3.5
UT,2015-02-01,3.5
UT,2015-03-01,3.5
UT,2015-04-01,3.5
UT,2015-05-01,3.5
UT,2015-06-01,3.5
UT,2015-07-01,3.5
UT,2015-08-01,3.5
UT,2015-09-01,3.5
UT,2015-10-01,3.5
UT,2015-11-01,3.5
UT,2015-12-01,3.5
UT,2016-01-01,3.5
UT,2016-02-01,3.5
UT,2016-03-01,3.5
UT,2016-04-01,3.4
UT,2016-05-01,3.4
UT,2016-06-01,3.3
UT,2016-07-01,3.3
UT,2016-08-01,3.3
UT,2016-09-01,3.2
UT,2016-10-01,3.2
UT,2016-11-01,3.2
UT,2016-12-01,3.2
UT,2017-01-01,3.2
UT,2017-02-01,3.2
UT,2017-03-01,3.2
UT,2017-04-01,3.2
UT,2017-05-01,3.2
UT,2017-06-01,3.2
UT,2017-07-01,3.2
UT,2017-08-01,3.1
UT,2017-09-01,3.1
UT,2017-10-01,3.1
UT,2017-11-01,3.1
UT,2017-12-01,3.1
UT,2018-01-01,3.0
UT,2018-02-01,3.0
UT,2018-03-01,3.0
UT,2018-04-01,2.9
UT,2018-05-01,2.9
UT,2018-06-01,2.9
UT,2018-07-01,2.9
UT,2018-08-01,2.9
UT,2018-09-01,2.9
UT,2018-10-01,2.9
UT,2018-11-01,2.9
UT,2018-12-01,2.8
UT,2019-01-01,2.8
UT,2019-02-01,2.7
UT,2019-03-01,2.7
UT,2019-04-01,2.6
UT,2019-05-01,2.6
UT,2019-06-01,2.5
UT,2019-07-01,2.5
UT,2019-08-01,2.5
UT,2019-09-01,2.4
UT,2019-10-01,2.4
UT,2019-11-01,2.4
UT,2019-12-01,2.4
UT,2020-01-01,2.5
UT,2020-02-01,2.5
UT,2020-03-01,2.5
UT,2020-04-01,10.0
UT,2020-05-01,7.7
UT,2020-06-01,6.4
UT,2020-07-01,5.7
UT,2020-08-01,4.8
UT,2020-09-01,4.5
UT,2020-10-01,4.0
UT,2020-11-01,3.8
UT,2020-12-01,3.6
UT,2021-01-01,3.4
UT,2021-02-01,3.3
UT,2021-03-01,3.1
UT,2021-04-01,3.0
UT,2021-05-01,2.9
UT,2021-06-01,2.8
UT,2021-07-01,2.7
UT,2021-08-01,2.6
UT,2021-09-01,2.4
UT,2021-10-01,2.4
UT,2021-11-01,2.3
UT,2021-12-01,2.2
UT,2022-01-01,2.2
UT,2022-02-01,2.3
UT,2022-03-01,2.3
UT,2022-04-01,2.3
UT,2022-05-01,2.3
UT,2022-06-01,2.3
UT,2022-07-01,2.4
UT,2022-08-01,2.4
UT,2022-09-01,2.5
UT,2022-10-01,2.5
UT,2022-11-01,2.5
UT,2022-12-01,2.6
UT,2023-01-01,2.6
UT,2023-02-01,2.6
UT,2023-03-01,2.6
UT,2023-04-01,2.6
UT,2023-05-01,2.6
UT,2023-06-01,2.6
UT,2023-07-01,2.7
UT,2023-08-01,2.8
UT,2023-09-01,2.8
UT,2023-10-01,2.9
UT,2023-11-01,2.9
UT,2023-12-01,3.0
UT,2024-01-01,3.0
UT,2024-02-01,3.1
UT,2024-03-01,3.1
UT,2024-04-01,3.2
UT,2024-05-01,3.3
UT,2024-06-01,3.3
UT,2024-07-01,3.4
UT,2024-08-01,3.4
UT,2024-09-01,3.4
UT,2024-10-01,3.4
UT,2024-11-01,3.3
UT,2024-12-01,3.3
UT,2025-01-01,3.3
UT,2025-02-01,3.4
UT,2025-03-01,3.4
UT,2025-04-01,3.4
UT,2025-05-01,3.5
UT,2025-06-01,3.5
UT,2025-07-01,3.5
UT,2025-08-01,3.6
UT,2025-09-01,3.6
UT,2025-10-01,
UT,2025-11-01,3.7
UT,2025-12-01,3.7
UT,2026-01-01,3.8
UT,2026-02-01,3.8
UT,2026-03-01,3.8
UT,2026-04-01,3.8
UT,2026-05-01,3.7
UT,2026-06-01,3.6
VT,2015-01-01,3.7
VT,2015-02-01,3.6
VT,2015-03-01,3.6
VT,2015-04-01,3.5
VT,2015-05-01,3.5
VT,2015-06-01,3.5
VT,2015-07-01,3.5
VT,2015-08-01,3.4
VT,2015-09-01,3.4
VT,2015-10-01,3.4
VT,2015-11-01,3.3
VT,2015-12-01,3.3
VT,2016-01-01,3.2
VT,2016-02-01,3.2
VT,2016-03-01,3.2
VT,2016-04-01,3.1
VT,2016-05-01,3.1
VT,2016-06-01,3.1
VT,2016-07-01,3.1
VT,2016-08-01,3.1
VT,2016-09-01,3.1
VT,2016-10-01,3.1
VT,2016-11-01,3.1
VT,2016-12-01,3.1
VT,2017-01-01,3.1
VT,2017-02-01,3.1
VT,2017-03-01,3.1
VT,2017-04-01,3.0
VT,2017-05-01,2.9
VT,2017-06-01,2.9
VT,2017-07-01,2.9
VT,2017-08-01,2.9
VT,2017-09-01,2.9
VT,2017-10-01,2.9
VT,2017-11-01,2.9
VT,2017-12-01,2.8
VT,2018-01-01,2.8
VT,2018-02-01,2.8
VT,2018-03-01,2.7
VT,2018-04-01,2.6
VT,2018-05-01,2.5
VT,2018-06-01,2.5
VT,2018-07-01,2.4
VT,2018-08-01,2.4
VT,2018-09-01,2.4
VT,2018-10-01,2.3
VT,2018-11-01,2.3
VT,2018-12-01,2.3
VT,2019-01-01,2.3
VT,2019-02-01,2.2
VT,2019-03-01,2.1
VT,2019-04-01,2.0
VT,2019-05-01,2.0
VT,2019-06-01,2.0
VT,2019-07-01,2.0
VT,2019-08-01,2.1
VT,2019-09-01,2.1
VT,2019-10-01,2.2
VT,2019-11-01,2.1
VT,2019-12-01,2.1
VT,2020-01-01,2.1
VT,2020-02-01,2.2
VT,2020-03-01,2.4
VT,2020-04-01,14.1
VT,2020-05-01,9.6
VT,2020-06-01,7.7
VT,2020-07-01,6.6
VT,2020-08-01,5.4
VT,2020-09-01,4.9
VT,2020-10-01,4.3
VT,2020-11-01,4.2
VT,2020-12-01,4.3
VT,2021-01-01,4.2
VT,2021-02-01,4.2
VT,2021-03-01,4.2
VT,2021-04-01,4.1
VT,2021-05-01,3.9
VT,2021-06-01,3.6
VT,2021-07-01,3.4
VT,2021-08-01,3.2
VT,2021-09-01,3.0
VT,2021-10-01,2.8
VT,2021-11-01,2.7
VT,2021-12-01,2.5
VT,2022-01-01,2.4
VT,2022-02-01,2.3
VT,2022-03-01,2.3
VT,2022-04-01,2.2
VT,2022-05-01,2.3
VT,2022-06-01,2.3
VT,2022-07-01,2.3
VT,2022-08-01,2.4
VT,2022-09-01,2.4
VT,2022-10-01,2.4
VT,2022-11-01,2.3
VT,2022-12-01,2.2
VT,2023-01-01,2.1
VT,2023-02-01,2.0
VT,2023-03-01,1.9
VT,2023-04-01,1.8
VT,2023-05-01,1.8
VT,2023-06-01,1.8
VT,2023-07-01,1.9
VT,2023-08-01,1.9
VT,2023-09-01,2.0
VT,2023-10-01,2.0
VT,2023-11-01,2.0
VT,2023-12-01,2.0
VT,2024-01-01,2.0
VT,2024-02-01,2.1
VT,2024-03-01,2.1
VT,2024-04-01,2.1
VT,2024-05-01,2.2
VT,2024-06-01,2.3
VT,2024-07-01,2.3
VT,2024-08-01,2.4
VT,2024-09-01,2.4
VT,2024-10-01,2.5
VT,2024-11-01,2.5
VT,2024-12-01,2.5
VT,2025-01-01,2.6
VT,2025-02-01,2.6
VT,2025-03-01,2.6
VT,2025-04-01,2.6
VT,2025-05-01,2.6
VT,2025-06-01,2.6
VT,2025-07-01,2.6
VT,2025-08-01,2.6
VT,2025-09-01,2.6
VT,2025-10-01,
VT,2025-11-01,2.7
VT,2025-12-01,2.7
VT,2026-01-01,2.7
VT,2026-02-01,2.6
VT,2026-03-01,2.6
VT,2026-04-01,2.6
VT,2026-05-01,2.6
VT,2026-06-01,2.6
VA,2015-01-01,4.7
VA,2015-02-01,4.7
VA,2015-03-01,4.6
VA,2015-04-01,4.6
VA,2015-05-01,4.5
VA,2015-06-01,4.4
VA,2015-07-01,4.3
VA,2015-08-01,4.2
VA,2015-09-01,4.2
VA,2015-10-01,4.1
VA,2015-11-01,4.1
VA,2015-12-01,4.1
VA,2016-01-01,4.0
VA,2016-02-01,4.0
VA,2016-03-01,4.0
VA,2016-04-01,4.0
VA,2016-05-01,4.0
VA,2016-06-01,4.0
VA,2016-07-01,4.0
VA,2016-08-01,4.0
VA,2016-09-01,4.0
VA,2016-10-01,4.0
VA,2016-11-01,4.0
VA,2016-12-01,4.0
VA,2017-01-01,4.0
VA,2017-02-01,3.9
VA,2017-03-01,3.8
VA,2017-04-01,3.7
VA,2017-05-01,3.7
VA,2017-06-01,3.6
VA,2017-07-01,3.5
VA,2017-08-01,3.5
VA,2017-09-01,3.5
VA,2017-10-01,3.5
VA,2017-11-01,3.4
VA,2017-12-01,3.4
VA,2018-01-01,3.4
VA,2018-02-01,3.3
VA,2018-03-01,3.2
VA,2018-04-01,3.1
VA,2018-05-01,2.9
VA,2018-06-01,2.8
VA,2018-07-01,2.8
VA,2018-08-01,2.8
VA,2018-09-01,2.8
VA,2018-10-01,2.9
VA,2018-11-01,3.0
VA,2018-12-01,3.0
VA,2019-01-01,3.1
VA,2019-02-01,3.0
VA,2019-03-01,2.9
VA,2019-04-01,2.8
VA,2019-05-01,2.7
VA,2019-06-01,2.5
VA,2019-07-01,2.5
VA,2019-08-01,2.5
VA,2019-09-01,2.6
VA,2019-10-01,2.7
VA,2019-11-01,2.7
VA,2019-12-01,2.7
VA,2020-01-01,2.8
VA,2020-02-01,2.9
VA,2020-03-01,3.2
VA,2020-04-01,11.9
VA,2020-05-01,10.0
VA,2020-06-01,8.9
VA,2020-07-01,8.3
VA,2020-08-01,7.3
VA,2020-09-01,6.7
VA,2020-10-01,5.9
VA,2020-11-01,5.3
VA,2020-12-01,5.0
VA,2021-01-01,4.8
VA,2021-02-01,4.7
VA,2021-03-01,4.6
VA,2021-04-01,4.4
VA,2021-05-01,4.2
VA,2021-06-01,4.0
VA,2021-07-01,3.8
VA,2021-08-01,3.5
VA,2021-09-01,3.3
VA,2021-10-01,3.1
VA,2021-11-01,2.9
VA,2021-12-01,2.8
VA,2022-01-01,2.7
VA,2022-02-01,2.6
VA,2022-03-01,2.6
VA,2022-04-01,2.6
VA,2022-05-01,2.5
VA,2022-06-01,2.6
VA,2022-07-01,2.6
VA,2022-08-01,2.7
VA,2022-09-01,2.8
VA,2022-10-01,2.9
VA,2022-11-01,2.9
VA,2022-12-01,2.9
VA,2023-01-01,2.9
VA,2023-02-01,2.8
VA,2023-03-01,2.7
VA,2023-04-01,2.6
VA,2023-05-01,2.6
VA,2023-06-01,2.5
VA,2023-07-01,2.6
VA,2023-08-01,2.6
VA,2023-09-01,2.7
VA,2023-10-01,2.8
VA,2023-11-01,2.8
VA,2023-12-01,2.8
VA,2024-01-01,2.8
VA,2024-02-01,2.8
VA,2024-03-01,2.8
VA,2024-04-01,2.8
VA,2024-05-01,2.8
VA,2024-06-01,2.9
VA,2024-07-01,2.9
VA,2024-08-01,3.0
VA,2024-09-01,3.0
VA,2024-10-01,3.1
VA,2024-11-01,3.1
VA,2024-12-01,3.1
VA,2025-01-01,3.2
VA,2025-02-01,3.2
VA,2025-03-01,3.3
VA,2025-04-01,3.3
VA,2025-05-01,3.3
VA,2025-06-01,3.2
VA,2025-07-01,3.3
VA,2025-08-01,3.3
VA,2025-09-01,3.4
VA,2025-10-01,
VA,2025-11-01,3.6
VA,2025-12-01,3.6
VA,2026-01-01,3.7
VA,2026-02-01,3.8
VA,2026-03-01,3.8
VA,2026-04-01,3.8
VA,2026-05-01,3.8
VA,2026-06-01,3.7
WA,2015-01-01,5.6
WA,2015-02-01,5.5
WA,2015-03-01,5.5
WA,2015-04-01,5.5
WA,2015-05-01,5.4
WA,2015-06-01,5.4
WA,2015-07-01,5.4
WA,2015-08-01,5.4
WA,2015-09-01,5.4
WA,2015-10-01,5.4
WA,2015-11-01,5.4
WA,2015-12-01,5.4
WA,2016-01-01,5.4
WA,2016-02-01,5.4
WA,2016-03-01,5.3
WA,2016-04-01,5.3
WA,2016-05-01,5.3
WA,2016-06-01,5.3
WA,2016-07-01,5.2
WA,2016-08-01,5.2
WA,2016-09-01,5.1
WA,2016-10-01,5.0
WA,2016-11-01,4.9
WA,2016-12-01,4.9
WA,2017-01-01,4.8
WA,2017-02-01,4.7
WA,2017-03-01,4.7
WA,2017-04-01,4.6
WA,2017-05-01,4.6
WA,2017-06-01,4.6
WA,2017-07-01,4.6
WA,2017-08-01,4.6
WA,2017-09-01,4.7
WA,2017-10-01,4.7
WA,2017-11-01,4.6
WA,2017-12-01,4.6
WA,2018-01-01,4.6
WA,2018-02-01,4.5
WA,2018-03-01,4.5
WA,2018-04-01,4.4
WA,2018-05-01,4.3
WA,2018-06-01,4.3
WA,2018-07-01,4.2
WA,2018-08-01,4.2
WA,2018-09-01,4.3
WA,2018-10-01,4.4
WA,2018-11-01,4.5
WA,2018-12-01,4.6
WA,2019-01-01,4.7
WA,2019-02-01,4.6
WA,2019-03-01,4.6
WA,2019-04-01,4.4
WA,2019-05-01,4.3
WA,2019-06-01,4.2
WA,2019-07-01,4.1
WA,2019-08-01,4.0
WA,2019-09-01,3.9
WA,2019-10-01,3.9
WA,2019-11-01,3.8
WA,2019-12-01,3.7
WA,2020-01-01,3.6
WA,2020-02-01,3.8
WA,2020-03-01,6.0
WA,2020-04-01,17.1
WA,2020-05-01,13.6
WA,2020-06-01,11.7
WA,2020-07-01,10.5
WA,2020-08-01,9.0
WA,2020-09-01,8.2
WA,2020-10-01,7.3
WA,2020-11-01,6.9
WA,2020-12-01,6.7
WA,2021-01-01,6.4
WA,2021-02-01,6.2
WA,2021-03-01,5.9
WA,2021-04-01,5.7
WA,2021-05-01,5.5
WA,2021-06-01,5.3
WA,2021-07-01,5.1
WA,2021-08-01,4.9
WA,2021-09-01,4.7
WA,2021-10-01,4.4
WA,2021-11-01,4.2
WA,2021-12-01,4.0
WA,2022-01-01,4.0
WA,2022-02-01,3.9
WA,2022-03-01,3.9
WA,2022-04-01,3.9
WA,2022-05-01,3.9
WA,2022-06-01,4.0
WA,2022-07-01,4.0
WA,2022-08-01,4.1
WA,2022-09-01,4.2
WA,2022-10-01,4.2
WA,2022-11-01,4.2
WA,2022-12-01,4.2
WA,2023-01-01,4.1
WA,2023-02-01,4.1
WA,2023-03-01,4.0
WA,2023-04-01,4.0
WA,2023-05-01,4.0
WA,2023-06-01,4.0
WA,2023-07-01,4.1
WA,2023-08-01,4.2
WA,2023-09-01,4.4
WA,2023-10-01,4.5
WA,2023-11-01,4.6
WA,2023-12-01,4.6
WA,2024-01-01,4.6
WA,2024-02-01,4.6
WA,2024-03-01,4.6
WA,2024-04-01,4.6
WA,2024-05-01,4.6
WA,2024-06-01,4.6
WA,2024-07-01,4.5
WA,2024-08-01,4.5
WA,2024-09-01,4.4
WA,2024-10-01,4.4
WA,2024-11-01,4.3
WA,2024-12-01,4.3
WA,2025-01-01,4.4
WA,2025-02-01,4.4
WA,2025-03-01,4.5
WA,2025-04-01,4.5
WA,2025-05-01,4.5
WA,2025-06-01,4.5
WA,2025-07-01,4.6
WA,2025-08-01,4.6
WA,2025-09-01,4.7
WA,2025-10-01,
WA,2025-11-01,4.9
WA,2025-12-01,4.9
WA,2026-01-01,5.0
WA,2026-02-01,5.1
WA,2026-03-01,5.1
WA,2026-04-01,5.2
WA,2026-05-01,5.2
WA,2026-06-01,5.2
WV,2015-01-01,6.4
WV,2015-02-01,6.5
WV,2015-03-01,6.6
WV,2015-04-01,6.7
WV,2015-05-01,6.8
WV,2015-06-01,6.7
WV,2015-07-01,6.7
WV,2015-08-01,6.6
WV,2015-09-01,6.5
WV,2015-10-01,6.4
WV,2015-11-01,6.3
WV,2015-12-01,6.3
WV,2016-01-01,6.3
WV,2016-02-01,6.3
WV,2016-03-01,6.3
WV,2016-04-01,6.2
WV,2016-05-01,6.2
WV,2016-06-01,6.1
WV,2016-07-01,6.1
WV,2016-08-01,6.1
WV,2016-09-01,6.0
WV,2016-10-01,5.9
WV,2016-11-01,5.8
WV,2016-12-01,5.6
WV,2017-01-01,5.4
WV,2017-02-01,5.2
WV,2017-03-01,5.1
WV,2017-04-01,5.1
WV,2017-05-01,5.0
WV,2017-06-01,5.1
WV,2017-07-01,5.1
WV,2017-08-01,5.2
WV,2017-09-01,5.2
WV,2017-10-01,5.3
WV,2017-11-01,5.3
WV,2017-12-01,5.4
WV,2018-01-01,5.4
WV,2018-02-01,5.4
WV,2018-03-01,5.3
WV,2018-04-01,5.3
WV,2018-05-01,5.2
WV,2018-06-01,5.1
WV,2018-07-01,5.0
WV,2018-08-01,5.0
WV,2018-09-01,5.0
WV,2018-10-01,5.0
WV,2018-11-01,5.0
WV,2018-12-01,5.0
WV,2019-01-01,5.0
WV,2019-02-01,4.9
WV,2019-03-01,4.9
WV,2019-04-01,4.8
WV,2019-05-01,4.8
WV,2019-06-01,4.8
WV,2019-07-01,4.8
WV,2019-08-01,4.9
WV,2019-09-01,5.0
WV,2019-10-01,5.0
WV,2019-11-01,5.1
WV,2019-12-01,5.1
WV,2020-01-01,5.2
WV,2020-02-01,5.3
WV,2020-03-01,5.3
WV,2020-04-01,15.8
WV,2020-05-01,12.5
WV,2020-06-01,10.6
WV,2020-07-01,9.5
WV,2020-08-01,8.2
WV,2020-09-01,7.6
WV,2020-10-01,7.0
WV,2020-11-01,6.6
WV,2020-12-01,6.4
WV,2021-01-01,6.4
WV,2021-02-01,6.1
WV,2021-03-01,5.9
WV,2021-04-01,5.7
WV,2021-05-01,5.4
WV,2021-06-01,5.2
WV,2021-07-01,5.0
WV,2021-08-01,4.8
WV,2021-09-01,4.5
WV,2021-10-01,4.3
WV,2021-11-01,4.2
WV,2021-12-01,4.1
WV,2022-01-01,4.0
WV,2022-02-01,4.0
WV,2022-03-01,4.0
WV,2022-04-01,4.0
WV,2022-05-01,4.0
WV,2022-06-01,3.9
WV,2022-07-01,3.9
WV,2022-08-01,3.9
WV,2022-09-01,3.8
WV,2022-10-01,3.8
WV,2022-11-01,3.7
WV,2022-12-01,3.6
WV,2023-01-01,3.6
WV,2023-02-01,3.6
WV,2023-03-01,3.6
WV,2023-04-01,3.7
WV,2023-05-01,3.8
WV,2023-06-01,3.8
WV,2023-07-01,3.9
WV,2023-08-01,4.0
WV,2023-09-01,4.0
WV,2023-10-01,4.1
WV,2023-11-01,4.1
WV,2023-12-01,4.2
WV,2024-01-01,4.2
WV,2024-02-01,4.2
WV,2024-03-01,4.1
WV,2024-04-01,4.1
WV,2024-05-01,4.1
WV,2024-06-01,4.1
WV,2024-07-01,4.1
WV,2024-08-01,4.0
WV,2024-09-01,4.0
WV,2024-10-01,3.9
WV,2024-11-01,3.9
WV,2024-12-01,3.9
WV,2025-01-01,3.8
WV,2025-02-01,3.8
WV,2025-03-01,3.9
WV,2025-04-01,3.9
WV,2025-05-01,4.0
WV,2025-06-01,4.0
WV,2025-07-01,4.2
WV,2025-08-01,4.3
WV,2025-09-01,4.5
WV,2025-10-01,
WV,2025-11-01,4.6
WV,2025-12-01,4.6
WV,2026-01-01,4.6
WV,2026-02-01,4.7
WV,2026-03-01,4.5
WV,2026-04-01,4.4
WV,2026-05-01,4.3
WV,2026-06-01,4.2
WI,2015-01-01,4.7
WI,2015-02-01,4.7
WI,2015-03-01,4.6
WI,2015-04-01,4.6
WI,2015-05-01,4.5
WI,2015-06-01,4.4
WI,2015-07-01,4.3
WI,2015-08-01,4.3
WI,2015-09-01,4.3
WI,2015-10-01,4.2
WI,2015-11-01,4.2
WI,2015-12-01,4.2
WI,2016-01-01,4.2
WI,2016-02-01,4.1
WI,2016-03-01,4.1
WI,2016-04-01,4.0
WI,2016-05-01,4.0
WI,2016-06-01,3.9
WI,2016-07-01,3.9
WI,2016-08-01,3.9
WI,2016-09-01,3.8
WI,2016-10-01,3.8
WI,2016-11-01,3.8
WI,2016-12-01,3.7
WI,2017-01-01,3.6
WI,2017-02-01,3.5
WI,2017-03-01,3.4
WI,2017-04-01,3.3
WI,2017-05-01,3.3
WI,2017-06-01,3.2
WI,2017-07-01,3.3
WI,2017-08-01,3.3
WI,2017-09-01,3.2
WI,2017-10-01,3.2
WI,2017-11-01,3.1
WI,2017-12-01,3.0
WI,2018-01-01,3.0
WI,2018-02-01,3.0
WI,2018-03-01,3.0
WI,2018-04-01,3.0
WI,2018-05-01,3.0
WI,2018-06-01,3.0
WI,2018-07-01,3.0
WI,2018-08-01,3.0
WI,2018-09-01,3.0
WI,2018-10-01,3.0
WI,2018-11-01,3.0
WI,2018-12-01,3.0
WI,2019-01-01,3.1
WI,2019-02-01,3.1
WI,2019-03-01,3.1
WI,2019-04-01,3.2
WI,2019-05-01,3.2
WI,2019-06-01,3.2
WI,2019-07-01,3.3
WI,2019-08-01,3.3
WI,2019-09-01,3.3
WI,2019-10-01,3.3
WI,2019-11-01,3.2
WI,2019-12-01,3.2
WI,2020-01-01,3.1
WI,2020-02-01,3.1
WI,2020-03-01,3.0
WI,2020-04-01,14.1
WI,2020-05-01,10.5
WI,2020-06-01,8.7
WI,2020-07-01,7.6
WI,2020-08-01,6.3
WI,2020-09-01,5.8
WI,2020-10-01,5.2
WI,2020-11-01,5.0
WI,2020-12-01,4.8
WI,2021-01-01,4.6
WI,2021-02-01,4.5
WI,2021-03-01,4.3
WI,2021-04-01,4.2
WI,2021-05-01,4.1
WI,2021-06-01,4.0
WI,2021-07-01,3.8
WI,2021-08-01,3.6
WI,2021-09-01,3.4
WI,2021-10-01,3.2
WI,2021-11-01,3.1
WI,2021-12-01,3.0
WI,2022-01-01,2.9
WI,2022-02-01,2.9
WI,2022-03-01,2.9
WI,2022-04-01,2.9
WI,2022-05-01,2.8
WI,2022-06-01,2.8
WI,2022-07-01,2.8
WI,2022-08-01,2.8
WI,2022-09-01,2.8
WI,2022-10-01,2.8
WI,2022-11-01,2.7
WI,2022-12-01,2.7
WI,2023-01-01,2.6
WI,2023-02-01,2.6
WI,2023-03-01,2.6
WI,2023-04-01,2.7
WI,2023-05-01,2.7
WI,2023-06-01,2.8
WI,2023-07-01,2.9
WI,2023-08-01,3.0
WI,2023-09-01,3.0
WI,2023-10-01,3.0
WI,2023-11-01,2.9
WI,2023-12-01,2.9
WI,2024-01-01,2.9
WI,2024-02-01,2.9
WI,2024-03-01,2.9
WI,2024-04-01,3.0
WI,2024-05-01,3.0
WI,2024-06-01,3.0
WI,2024-07-01,3.0
WI,2024-08-01,3.0
WI,2024-09-01,3.0
WI,2024-10-01,3.1
WI,2024-11-01,3.1
WI,2024-12-01,3.2
WI,2025-01-01,3.3
WI,2025-02-01,3.3
WI,2025-03-01,3.2
WI,2025-04-01,3.2
WI,2025-05-01,3.1
WI,2025-06-01,3.1
WI,2025-07-01,3.0
WI,2025-08-01,3.1
WI,2025-09-01,3.1
WI,2025-10-01,
WI,2025-11-01,3.2
WI,2025-12-01,3.2
WI,2026-01-01,3.3
WI,2026-02-01,3.4
WI,2026-03-01,3.5
WI,2026-04-01,3.5
WI,2026-05-01,3.4
WI,2026-06-01,3.3
WY,2015-01-01,4.0
WY,2015-02-01,4.0
WY,2015-03-01,4.0
WY,2015-04-01,4.0
WY,2015-05-01,4.1
WY,2015-06-01,4.1
WY,2015-07-01,4.2
WY,2015-08-01,4.3
WY,2015-09-01,4.4
WY,2015-10-01,4.5
WY,2015-11-01,4.6
WY,2015-12-01,4.8
WY,2016-01-01,5.0
WY,2016-02-01,5.2
WY,2016-03-01,5.4
WY,2016-04-01,5.5
WY,2016-05-01,5.5
WY,2016-06-01,5.5
WY,2016-07-01,5.4
WY,2016-08-01,5.3
WY,2016-09-01,5.2
WY,2016-10-01,5.2
WY,2016-11-01,5.1
WY,2016-12-01,5.0
WY,2017-01-01,4.8
WY,2017-02-01,4.7
WY,2017-03-01,4.5
WY,2017-04-01,4.3
WY,2017-05-01,4.2
WY,2017-06-01,4.2
WY,2017-07-01,4.2
WY,2017-08-01,4.2
WY,2017-09-01,4.2
WY,2017-10-01,4.3
WY,2017-11-01,4.3
WY,2017-12-01,4.2
WY,2018-01-01,4.2
WY,2018-02-01,4.2
WY,2018-03-01,4.1
WY,2018-04-01,4.1
WY,2018-05-01,4.1
WY,2018-06-01,4.1
WY,2018-07-01,4.1
WY,2018-08-01,4.0
WY,2018-09-01,4.0
WY,2018-10-01,4.0
WY,2018-11-01,4.0
WY,2018-12-01,3.9
WY,2019-01-01,3.7
WY,2019-02-01,3.6
WY,2019-03-01,3.5
WY,2019-04-01,3.5
WY,2019-05-01,3.5
WY,2019-06-01,3.6
WY,2019-07-01,3.7
WY,2019-08-01,3.8
WY,2019-09-01,3.8
WY,2019-10-01,3.9
WY,2019-11-01,4.0
WY,2019-12-01,4.2
WY,2020-01-01,4.4
WY,2020-02-01,4.6
WY,2020-03-01,4.8
WY,2020-04-01,5.1
WY,2020-05-01,8.7
WY,2020-06-01,7.3
WY,2020-07-01,6.8
WY,2020-08-01,6.2
WY,2020-09-01,5.9
WY,2020-10-01,5.6
WY,2020-11-01,5.5
WY,2020-12-01,5.4
WY,2021-01-01,5.3
WY,2021-02-01,5.3
WY,2021-03-01,5.2
WY,2021-04-01,5.1
WY,2021-05-01,4.9
WY,2021-06-01,4.7
WY,2021-07-01,4.5
WY,2021-08-01,4.3
WY,2021-09-01,4.1
WY,2021-10-01,3.9
WY,2021-11-01,3.7
WY,2021-12-01,3.6
WY,2022-01-01,3.5
WY,2022-02-01,3.4
WY,2022-03-01,3.4
WY,2022-04-01,3.4
WY,2022-05-01,3.4
WY,2022-06-01,3.4
WY,2022-07-01,3.5
WY,2022-08-01,3.5
WY,2022-09-01,3.5
WY,2022-10-01,3.5
WY,2022-11-01,3.4
WY,2022-12-01,3.4
WY,2023-01-01,3.3
WY,2023-02-01,3.1
WY,2023-03-01,3.0
WY,2023-04-01,2.9
WY,2023-05-01,2.9
WY,2023-06-01,2.8
WY,2023-07-01,2.8
WY,2023-08-01,2.8
WY,2023-09-01,2.8
WY,2023-10-01,2.8
WY,2023-11-01,2.8
WY,2023-12-01,2.8
WY,2024-01-01,2.8
WY,2024-02-01,2.9
WY,2024-03-01,2.9
WY,2024-04-01,3.0
WY,2024-05-01,3.1
WY,2024-06-01,3.1
WY,2024-07-01,3.2
WY,2024-08-01,3.2
WY,2024-09-01,3.3
WY,2024-10-01,3.3
WY,2024-11-01,3.3
WY,2024-12-01,3.3
WY,2025-01-01,3.2
WY,2025-02-01,3.2
WY,2025-03-01,3.2
WY,2025-04-01,3.2
WY,2025-05-01,3.2
WY,2025-06-01,3.2
WY,2025-07-01,3.3
WY,2025-08-01,3.3
WY,2025-09-01,3.4
WY,2025-10-01,
WY,2025-11-01,3.5
WY,2025-12-01,3.5
WY,2026-01-01,3.6
WY,2026-02-01,3.6
WY,2026-03-01,3.6
WY,2026-04-01,3.5
WY,2026-05-01,3.4
WY,2026-06-01,3.2
